id,1985,1986,1987,1988,1989,1990,1991,1992,1993,1994,1995,1996,1997,1998,1999,2000,2001,2002,2003,2004,2005,2006,2007,2008,2009,2010,2011,2012,2013,2014,2015
1,0.0,-1.0,4.0,9.0,15.0,16.0,15.0,8.0,5.0,7.0,13.0,24.0,35.0,38.0,37.0,41.0,45.0,50.0,55.0,56.0,44.0,40.0,34.0,36.0,41.0,58.0,59.0,63.0,65.0,77.0,70.0
3,0.0,0.0,-4.0,-8.0,-4.0,-10.0,-24.0,-29.0,-41.0,-54.0,-57.0,-51.0,-46.0,-44.0,-40.0,-18.0,21.0,43.0,48.0,41.0,39.0,32.0,32.0,30.0,38.0,42.0,47.0,53.0,52.0,,3.0
5,0.0,-5.0,-8.0,-7.0,4.0,9.0,3.0,4.0,1.0,-19.0,-30.0,-10.0,-5.0,-5.0,3.0,17.0,27.0,39.0,35.0,37.0,30.0,40.0,34.0,33.0,36.0,48.0,50.0,67.0,71.0,81.0,77.0
7,0.0,-16.0,-24.0,-29.0,-13.0,16.0,23.0,28.0,9.0,17.0,11.0,-10.0,-11.0,16.0,20.0,20.0,53.0,63.0,54.0,55.0,50.0,50.0,68.0,79.0,67.0,62.0,66.0,50.0,33.0,35.0,59.0
8,0.0,-11.0,-1.0,0.0,25.0,34.0,29.0,28.0,18.0,-2.0,3.0,1.0,1.0,11.0,14.0,0.0,10.0,16.0,10.0,15.0,22.0,17.0,31.0,42.0,42.0,49.0,59.0,53.0,50.0,45.0,45.0
9,0.0,-5.0,-3.0,5.0,12.0,23.0,12.0,9.0,-5.0,-2.0,0.0,-3.0,-11.0,-5.0,-5.0,-8.0,16.0,31.0,24.0,23.0,20.0,14.0,22.0,31.0,28.0,32.0,34.0,26.0,21.0,27.0,33.0
10,0.0,13.0,1.0,-40.0,-50.0,-46.0,-55.0,-43.0,-23.0,-21.0,-5.0,1.0,2.0,7.0,5.0,-9.0,-14.0,-27.0,-40.0,-29.0,-18.0,-2.0,-12.0,-16.0,-17.0,-20.0,-29.0,-18.0,-17.0,-4.0,12.0
11,0.0,-13.0,-5.0,-9.0,18.0,28.0,20.0,19.0,9.0,-13.0,-14.0,-17.0,-14.0,1.0,9.0,5.0,25.0,34.0,28.0,36.0,41.0,36.0,51.0,59.0,55.0,58.0,63.0,51.0,43.0,34.0,35.0
12,0.0,10.0,23.0,7.0,-6.0,-6.0,-3.0,-3.0,12.0,22.0,30.0,46.0,61.0,71.0,77.0,84.0,75.0,58.0,49.0,50.0,61.0,67.0,70.0,78.0,92.0,101.0,113.0,132.0,132.0,131.0,116.0
14,0.0,-20.0,-33.0,-57.0,-24.0,9.0,7.0,28.0,14.0,-17.0,-32.0,-67.0,-82.0,-70.0,-68.0,-76.0,-44.0,-53.0,-72.0,-66.0,-71.0,-75.0,-43.0,-19.0,-39.0,-66.0,-53.0,-68.0,-97.0,-108.0,-67.0
20,0.0,-11.0,-15.0,-12.0,-9.0,-3.0,-9.0,-7.0,-16.0,-13.0,-11.0,-11.0,-12.0,0.0,5.0,6.0,28.0,40.0,36.0,40.0,47.0,45.0,56.0,63.0,60.0,56.0,57.0,48.0,41.0,46.0,50.0
22,0.0,-9.0,-14.0,-10.0,-4.0,7.0,-1.0,-2.0,-13.0,-12.0,-11.0,-13.0,-13.0,-1.0,5.0,7.0,31.0,44.0,38.0,37.0,36.0,30.0,36.0,42.0,39.0,40.0,43.0,36.0,31.0,37.0,43.0
23,0.0,-7.0,-12.0,-9.0,-4.0,10.0,3.0,8.0,-6.0,-2.0,-8.0,-14.0,-21.0,-8.0,-6.0,-4.0,20.0,32.0,25.0,26.0,23.0,20.0,28.0,34.0,27.0,22.0,26.0,18.0,9.0,14.0,27.0
24,0.0,-18.0,-29.0,-32.0,-23.0,-7.0,-8.0,-1.0,-13.0,-10.0,-14.0,-23.0,-26.0,-11.0,-4.0,-2.0,31.0,44.0,35.0,33.0,26.0,17.0,26.0,32.0,25.0,22.0,31.0,21.0,14.0,23.0,45.0
25,0.0,-13.0,-25.0,-27.0,-23.0,-6.0,-17.0,-13.0,-31.0,-27.0,-36.0,-46.0,-49.0,-32.0,-26.0,-22.0,10.0,23.0,13.0,14.0,10.0,10.0,23.0,35.0,27.0,22.0,28.0,20.0,8.0,17.0,39.0
32,0.0,-8.0,-11.0,-10.0,-4.0,9.0,4.0,8.0,-2.0,1.0,-1.0,-5.0,-6.0,9.0,15.0,20.0,46.0,60.0,55.0,55.0,53.0,49.0,57.0,62.0,54.0,48.0,47.0,36.0,25.0,33.0,45.0
33,0.0,-14.0,-40.0,-39.0,-7.0,28.0,25.0,34.0,8.0,-18.0,-52.0,-74.0,-83.0,-70.0,-63.0,-55.0,-35.0,-35.0,-48.0,-52.0,-62.0,-59.0,-49.0,-38.0,-47.0,-70.0,-60.0,-69.0,-88.0,-90.0,-61.0
41,0.0,-2.0,7.0,39.0,70.0,88.0,103.0,97.0,97.0,120.0,147.0,157.0,193.0,219.0,241.0,252.0,259.0,259.0,254.0,246.0,255.0,267.0,246.0,229.0,218.0,236.0,245.0,255.0,288.0,303.0,286.0
45,0.0,6.0,-13.0,1.0,31.0,45.0,35.0,42.0,-1.0,-34.0,-47.0,-61.0,-69.0,-63.0,-56.0,-62.0,-52.0,-49.0,-49.0,-51.0,-43.0,-37.0,-30.0,-29.0,-34.0,-58.0,-52.0,-64.0,-67.0,-70.0,-38.0
47,0.0,2.0,-5.0,-2.0,12.0,24.0,16.0,17.0,4.0,-4.0,-18.0,-26.0,-27.0,-15.0,-8.0,3.0,17.0,28.0,26.0,25.0,19.0,24.0,21.0,28.0,26.0,20.0,23.0,19.0,7.0,11.0,25.0
51,0.0,-6.0,1.0,30.0,44.0,77.0,108.0,129.0,151.0,184.0,206.0,212.0,223.0,220.0,223.0,221.0,,,36.0,26.0,62.0,84.0,103.0,131.0,158.0,160.0,162.0,150.0,129.0,109.0,94.0
57,0.0,-18.0,-37.0,-62.0,-31.0,-3.0,-13.0,1.0,-15.0,-51.0,-73.0,-101.0,-121.0,-117.0,-123.0,-155.0,-137.0,-147.0,-174.0,-161.0,-149.0,-154.0,-128.0,-113.0,-138.0,-173.0,-164.0,-184.0,-216.0,-228.0,-188.0
58,0.0,-5.0,-11.0,-7.0,14.0,36.0,32.0,35.0,22.0,13.0,-1.0,-8.0,-11.0,-1.0,4.0,15.0,27.0,35.0,29.0,26.0,18.0,22.0,22.0,31.0,31.0,23.0,29.0,25.0,12.0,14.0,29.0
61,0.0,5.0,9.0,8.0,8.0,9.0,13.0,1.0,3.0,6.0,9.0,19.0,33.0,27.0,34.0,40.0,33.0,36.0,48.0,54.0,55.0,56.0,53.0,56.0,70.0,113.0,109.0,119.0,126.0,135.0,100.0
62,0.0,-17.0,-42.0,-57.0,-28.0,-9.0,11.0,25.0,13.0,-7.0,-26.0,-72.0,-82.0,-74.0,-67.0,-58.0,-39.0,-40.0,-47.0,-52.0,-62.0,-59.0,-46.0,-36.0,-45.0,-69.0,-60.0,-71.0,-92.0,-94.0,-64.0
69,0.0,-18.0,-23.0,-39.0,-12.0,14.0,8.0,19.0,6.0,-19.0,-33.0,-49.0,-57.0,-43.0,-41.0,-45.0,-25.0,-26.0,-41.0,-36.0,-39.0,-45.0,-20.0,-2.0,-20.0,-34.0,-28.0,-41.0,-65.0,-73.0,-49.0
70,0.0,-16.0,-17.0,-28.0,-1.0,22.0,19.0,29.0,15.0,-6.0,-16.0,-35.0,-43.0,-30.0,-29.0,-35.0,-10.0,-7.0,-21.0,-14.0,-16.0,-21.0,4.0,21.0,10.0,3.0,12.0,0.0,-17.0,-24.0,-6.0
71,0.0,-12.0,-18.0,-32.0,7.0,47.0,37.0,53.0,37.0,-1.0,-23.0,-54.0,-69.0,-76.0,-83.0,-124.0,-42.0,,,-26.0,-37.0,-56.0,-27.0,-21.0,-41.0,-65.0,-54.0,-69.0,-98.0,-109.0,-72.0
76,0.0,1.0,-5.0,-8.0,17.0,43.0,34.0,40.0,29.0,9.0,1.0,-3.0,-2.0,7.0,17.0,17.0,35.0,44.0,44.0,48.0,54.0,55.0,65.0,74.0,70.0,66.0,67.0,58.0,,,
78,0.0,-19.0,-28.0,-47.0,-20.0,7.0,-1.0,9.0,-8.0,-39.0,-59.0,-89.0,-101.0,-87.0,-87.0,-91.0,-65.0,-71.0,-91.0,-86.0,-93.0,-98.0,-69.0,-50.0,-70.0,-89.0,-81.0,-94.0,-123.0,-133.0,-104.0
79,0.0,-14.0,-42.0,-69.0,-33.0,-2.0,-1.0,19.0,5.0,-34.0,-52.0,-98.0,-123.0,-120.0,-122.0,-128.0,-106.0,-116.0,-134.0,-131.0,-136.0,-138.0,-107.0,-93.0,-119.0,-161.0,-150.0,-173.0,-204.0,-214.0,-167.0
80,0.0,-12.0,-31.0,-30.0,-8.0,27.0,32.0,43.0,22.0,24.0,-4.0,-29.0,-33.0,-16.0,-14.0,-3.0,29.0,33.0,22.0,23.0,13.0,21.0,38.0,58.0,47.0,34.0,45.0,38.0,,,
81,0.0,-10.0,-13.0,-14.0,7.0,14.0,10.0,15.0,8.0,-6.0,-4.0,-7.0,-7.0,2.0,6.0,1.0,16.0,29.0,27.0,31.0,35.0,31.0,38.0,46.0,45.0,47.0,51.0,40.0,,,
82,0.0,-13.0,-21.0,-30.0,-7.0,6.0,-13.0,8.0,0.0,-17.0,-21.0,-16.0,-24.0,-8.0,-3.0,-2.0,28.0,34.0,24.0,40.0,41.0,26.0,35.0,44.0,21.0,-12.0,14.0,-2.0,,,
88,0.0,-18.0,-42.0,-68.0,-35.0,-3.0,-14.0,-1.0,-17.0,-61.0,-92.0,-133.0,-156.0,-152.0,-154.0,-154.0,-129.0,-140.0,-167.0,-168.0,-182.0,-187.0,-160.0,-146.0,-172.0,-209.0,-200.0,-219.0,-251.0,-263.0,-223.0
89,0.0,-16.0,-5.0,5.0,9.0,29.0,21.0,23.0,5.0,-8.0,-24.0,-37.0,-38.0,-28.0,-25.0,-22.0,-2.0,0.0,-1.0,0.0,-5.0,1.0,11.0,16.0,8.0,-5.0,0.0,-9.0,,,
91,0.0,-9.0,-17.0,-19.0,1.0,9.0,1.0,0.0,-15.0,-31.0,-39.0,-45.0,-42.0,-21.0,-13.0,-13.0,0.0,0.0,-17.0,-21.0,-25.0,-22.0,-8.0,3.0,-8.0,-17.0,-21.0,-43.0,,,
95,0.0,-4.0,-9.0,-11.0,5.0,16.0,10.0,11.0,4.0,2.0,-5.0,-1.0,2.0,14.0,17.0,23.0,36.0,47.0,51.0,60.0,66.0,72.0,70.0,69.0,59.0,53.0,48.0,44.0,40.0,46.0,50.0
96,0.0,-6.0,3.0,1.0,3.0,0.0,7.0,6.0,6.0,2.0,8.0,15.0,28.0,37.0,45.0,49.0,44.0,34.0,22.0,28.0,32.0,40.0,42.0,54.0,60.0,79.0,90.0,106.0,121.0,115.0,
98,0.0,-9.0,-11.0,-12.0,9.0,21.0,21.0,19.0,5.0,-13.0,-13.0,-27.0,-22.0,1.0,8.0,1.0,24.0,32.0,22.0,28.0,31.0,28.0,38.0,47.0,44.0,42.0,50.0,39.0,,,
111,0.0,-6.0,-9.0,0.0,3.0,-5.0,-3.0,6.0,-20.0,-39.0,-30.0,-6.0,-5.0,14.0,52.0,73.0,65.0,67.0,67.0,40.0,22.0,16.0,29.0,52.0,65.0,72.0,107.0,131.0,138.0,141.0,139.0
112,0.0,19.0,27.0,12.0,4.0,2.0,13.0,24.0,38.0,67.0,79.0,47.0,47.0,44.0,39.0,34.0,57.0,55.0,55.0,41.0,50.0,44.0,47.0,48.0,56.0,43.0,42.0,43.0,53.0,68.0,93.0
113,0.0,-17.0,-55.0,-55.0,-32.0,-14.0,-10.0,-3.0,-7.0,-16.0,-17.0,-20.0,-15.0,-1.0,5.0,2.0,17.0,19.0,8.0,5.0,1.0,-8.0,4.0,13.0,12.0,15.0,25.0,14.0,,,
118,0.0,-14.0,-15.0,-32.0,10.0,38.0,39.0,52.0,50.0,20.0,10.0,-20.0,-13.0,16.0,30.0,29.0,65.0,55.0,46.0,65.0,60.0,54.0,88.0,93.0,63.0,58.0,76.0,,,,
119,0.0,-14.0,-20.0,-27.0,-1.0,2.0,-1.0,4.0,-10.0,-28.0,-36.0,-49.0,-50.0,-35.0,-30.0,-31.0,-1.0,9.0,13.0,27.0,35.0,33.0,43.0,47.0,27.0,20.0,32.0,28.0,,,
120,0.0,-10.0,-2.0,-7.0,13.0,22.0,12.0,15.0,8.0,-9.0,-6.0,-7.0,-8.0,7.0,12.0,0.0,15.0,16.0,4.0,12.0,17.0,0.0,22.0,42.0,42.0,51.0,68.0,64.0,,,
126,0.0,2.0,12.0,-64.0,-146.0,-156.0,-220.0,-232.0,-152.0,-99.0,-159.0,-107.0,-33.0,-66.0,-150.0,-149.0,-308.0,-424.0,-512.0,-450.0,-433.0,-302.0,-307.0,-199.0,-174.0,-224.0,-231.0,-253.0,-309.0,-309.0,-283.0
127,0.0,2.0,-6.0,-36.0,-48.0,-38.0,-42.0,-34.0,-22.0,-12.0,-2.0,5.0,12.0,23.0,25.0,16.0,8.0,-8.0,-14.0,-12.0,-3.0,14.0,13.0,2.0,-4.0,2.0,-6.0,6.0,2.0,20.0,26.0
130,0.0,-5.0,3.0,6.0,11.0,27.0,41.0,46.0,47.0,54.0,57.0,51.0,49.0,54.0,65.0,74.0,85.0,96.0,107.0,115.0,115.0,115.0,118.0,122.0,121.0,131.0,147.0,156.0,163.0,159.0,153.0
131,0.0,-2.0,3.0,-4.0,-7.0,-3.0,3.0,6.0,13.0,24.0,32.0,33.0,42.0,48.0,56.0,62.0,66.0,68.0,69.0,71.0,75.0,88.0,104.0,118.0,131.0,146.0,151.0,150.0,,,
132,0.0,-8.0,-3.0,-6.0,0.0,5.0,9.0,13.0,18.0,22.0,26.0,26.0,26.0,29.0,39.0,40.0,51.0,63.0,58.0,62.0,60.0,57.0,56.0,55.0,51.0,62.0,63.0,68.0,79.0,76.0,65.0
133,0.0,11.0,14.0,13.0,25.0,24.0,23.0,29.0,33.0,34.0,39.0,35.0,34.0,39.0,42.0,43.0,52.0,59.0,63.0,63.0,60.0,63.0,59.0,53.0,51.0,64.0,65.0,78.0,82.0,85.0,84.0
134,0.0,-2.0,6.0,15.0,40.0,47.0,54.0,70.0,78.0,80.0,97.0,99.0,95.0,108.0,114.0,109.0,113.0,129.0,137.0,142.0,146.0,164.0,165.0,161.0,162.0,183.0,187.0,202.0,209.0,218.0,217.0
135,0.0,14.0,28.0,9.0,-1.0,2.0,3.0,4.0,25.0,39.0,43.0,69.0,78.0,87.0,85.0,91.0,67.0,55.0,53.0,62.0,81.0,100.0,109.0,107.0,117.0,118.0,137.0,152.0,152.0,149.0,137.0
136,0.0,8.0,6.0,8.0,11.0,20.0,16.0,22.0,41.0,66.0,,27.0,-3.0,25.0,42.0,56.0,69.0,92.0,92.0,91.0,86.0,85.0,83.0,87.0,91.0,91.0,91.0,99.0,107.0,113.0,126.0
137,0.0,20.0,18.0,-60.0,-147.0,-162.0,-225.0,-222.0,-137.0,-78.0,-84.0,-66.0,0.0,-92.0,,-428.0,-741.0,-611.0,-613.0,-553.0,-552.0,-342.0,-360.0,-228.0,-176.0,-184.0,-187.0,-209.0,-264.0,-264.0,-241.0
144,0.0,9.0,12.0,-56.0,-38.0,-35.0,-32.0,-32.0,36.0,81.0,42.0,27.0,79.0,52.0,4.0,-3.0,-129.0,-218.0,-284.0,-255.0,-236.0,-127.0,-133.0,-49.0,-21.0,-51.0,-47.0,-55.0,-95.0,-95.0,-83.0
145,0.0,6.0,4.0,17.0,20.0,9.0,14.0,35.0,37.0,48.0,72.0,104.0,117.0,138.0,165.0,203.0,232.0,250.0,230.0,214.0,211.0,219.0,227.0,297.0,337.0,354.0,357.0,396.0,399.0,390.0,390.0
148,0.0,11.0,17.0,3.0,-9.0,-7.0,-1.0,3.0,19.0,27.0,30.0,44.0,51.0,62.0,69.0,67.0,55.0,45.0,34.0,37.0,56.0,65.0,69.0,72.0,82.0,84.0,100.0,118.0,123.0,124.0,119.0
154,0.0,-2.0,5.0,11.0,-1.0,-9.0,-16.0,-29.0,-40.0,-33.0,-24.0,-10.0,1.0,13.0,20.0,27.0,31.0,37.0,34.0,36.0,32.0,27.0,21.0,28.0,37.0,64.0,68.0,72.0,85.0,94.0,73.0
155,0.0,-24.0,-24.0,-9.0,-18.0,-32.0,-23.0,-11.0,-22.0,-18.0,7.0,20.0,21.0,11.0,13.0,-4.0,-15.0,-23.0,-3.0,7.0,17.0,30.0,37.0,31.0,15.0,10.0,-1.0,-4.0,-6.0,5.0,11.0
158,0.0,3.0,2.0,-24.0,-37.0,-33.0,-29.0,-18.0,1.0,10.0,10.0,5.0,11.0,6.0,-7.0,-15.0,-17.0,-38.0,-40.0,-23.0,-13.0,-2.0,-2.0,0.0,2.0,3.0,2.0,14.0,19.0,34.0,60.0
161,0.0,14.0,17.0,1.0,-1.0,10.0,25.0,41.0,61.0,73.0,80.0,63.0,63.0,75.0,77.0,67.0,80.0,91.0,88.0,94.0,105.0,95.0,97.0,98.0,105.0,114.0,126.0,132.0,146.0,146.0,162.0
163,0.0,-1.0,-28.0,-79.0,-92.0,-86.0,-79.0,-58.0,-13.0,-1.0,4.0,1.0,21.0,19.0,19.0,13.0,2.0,-14.0,2.0,16.0,52.0,73.0,65.0,57.0,41.0,9.0,-6.0,-10.0,-22.0,-19.0,-7.0
165,0.0,-6.0,-3.0,-36.0,-69.0,-62.0,-72.0,-81.0,-78.0,-76.0,-65.0,-56.0,-49.0,-38.0,-33.0,-47.0,-60.0,-84.0,-92.0,-91.0,-83.0,-69.0,-68.0,-81.0,-84.0,-77.0,-84.0,-73.0,-80.0,-70.0,-72.0
166,0.0,-14.0,-32.0,-65.0,-74.0,-60.0,-66.0,-56.0,-45.0,-42.0,-36.0,-29.0,-23.0,-19.0,-18.0,-30.0,-40.0,-60.0,-61.0,-60.0,-50.0,-36.0,-37.0,-47.0,-46.0,-39.0,-44.0,-30.0,-34.0,-25.0,-23.0
167,0.0,-12.0,-7.0,-30.0,-50.0,-38.0,-35.0,-26.0,-19.0,-8.0,-3.0,-6.0,-7.0,-4.0,0.0,-3.0,1.0,-16.0,-16.0,-15.0,-1.0,4.0,17.0,10.0,7.0,10.0,12.0,13.0,-2.0,7.0,3.0
172,0.0,-20.0,-38.0,-59.0,-39.0,-11.0,-16.0,-1.0,-20.0,-44.0,-65.0,-101.0,-119.0,-110.0,-111.0,-116.0,-91.0,-98.0,-122.0,-122.0,-132.0,-137.0,-111.0,-91.0,-114.0,-144.0,-134.0,-152.0,-183.0,-195.0,-157.0
173,0.0,-12.0,-10.0,-33.0,-67.0,-60.0,-63.0,-60.0,-44.0,-17.0,-15.0,8.0,26.0,29.0,18.0,9.0,-23.0,-48.0,-79.0,-75.0,-68.0,-45.0,-47.0,-26.0,-17.0,-9.0,-4.0,4.0,,,
174,0.0,-14.0,-10.0,-5.0,-5.0,-7.0,3.0,-6.0,-17.0,-25.0,-22.0,-24.0,-24.0,-21.0,-18.0,-21.0,-23.0,-20.0,-16.0,-15.0,-8.0,10.0,18.0,44.0,52.0,81.0,104.0,126.0,140.0,149.0,141.0
175,0.0,-1.0,-11.0,-44.0,-60.0,-49.0,-52.0,-43.0,-32.0,-20.0,-11.0,-5.0,1.0,13.0,14.0,3.0,-7.0,-24.0,-35.0,-35.0,-25.0,-11.0,-11.0,-17.0,-25.0,-16.0,-14.0,3.0,3.0,22.0,24.0
179,0.0,-6.0,-17.0,-13.0,11.0,18.0,-17.0,-14.0,-27.0,-35.0,-32.0,-20.0,-26.0,-21.0,-27.0,-26.0,-6.0,-1.0,-4.0,-1.0,-7.0,-5.0,4.0,11.0,4.0,-11.0,-5.0,-15.0,-31.0,-33.0,-16.0
180,0.0,10.0,25.0,10.0,0.0,12.0,29.0,35.0,57.0,63.0,69.0,73.0,77.0,83.0,97.0,106.0,99.0,99.0,88.0,87.0,103.0,111.0,107.0,113.0,127.0,137.0,148.0,165.0,166.0,163.0,148.0
183,0.0,-5.0,3.0,-9.0,-20.0,-26.0,-20.0,-21.0,-17.0,-14.0,-6.0,0.0,6.0,15.0,20.0,20.0,10.0,0.0,-9.0,-4.0,11.0,22.0,24.0,26.0,36.0,49.0,59.0,78.0,89.0,88.0,61.0
188,0.0,11.0,14.0,13.0,8.0,5.0,9.0,14.0,22.0,35.0,47.0,31.0,27.0,24.0,31.0,31.0,38.0,42.0,43.0,34.0,35.0,41.0,46.0,56.0,63.0,64.0,68.0,74.0,81.0,91.0,109.0
189,0.0,-12.0,-20.0,-2.0,10.0,9.0,6.0,5.0,-20.0,-44.0,-41.0,-17.0,-9.0,15.0,53.0,83.0,91.0,98.0,90.0,69.0,47.0,41.0,59.0,85.0,98.0,116.0,136.0,162.0,171.0,167.0,145.0
192,0.0,-11.0,-13.0,-46.0,-94.0,-100.0,-110.0,-102.0,-84.0,-59.0,-62.0,-41.0,-19.0,-14.0,-29.0,-35.0,-90.0,-126.0,-163.0,-149.0,-142.0,-98.0,-102.0,-72.0,-61.0,-59.0,-50.0,-41.0,-48.0,-43.0,-54.0
193,0.0,-8.0,-23.0,-60.0,-74.0,-63.0,-62.0,-49.0,-37.0,-26.0,-17.0,-12.0,-17.0,-9.0,-7.0,-19.0,-29.0,-37.0,-41.0,-41.0,-31.0,-17.0,-14.0,-24.0,-29.0,-23.0,-27.0,-16.0,-19.0,-4.0,-1.0
194,0.0,-16.0,-39.0,-65.0,-38.0,-9.0,-21.0,-9.0,-23.0,-59.0,-80.0,-114.0,-134.0,-131.0,-134.0,-139.0,-117.0,-126.0,-148.0,-147.0,-156.0,-160.0,-132.0,-118.0,-145.0,-184.0,-175.0,-195.0,-225.0,-236.0,-192.0
195,0.0,-1.0,1.0,0.0,-9.0,-4.0,-6.0,-4.0,4.0,22.0,24.0,37.0,58.0,78.0,100.0,92.0,71.0,41.0,13.0,-15.0,1.0,22.0,31.0,35.0,56.0,61.0,62.0,74.0,73.0,73.0,49.0
196,0.0,-1.0,2.0,14.0,17.0,24.0,25.0,32.0,22.0,12.0,0.0,-3.0,-14.0,-5.0,0.0,9.0,23.0,35.0,34.0,33.0,31.0,18.0,20.0,22.0,27.0,30.0,41.0,43.0,56.0,63.0,66.0
201,0.0,-5.0,3.0,-53.0,-114.0,-113.0,-158.0,-159.0,-106.0,-62.0,-89.0,-39.0,13.0,3.0,-45.0,-48.0,-155.0,-229.0,-293.0,-254.0,-243.0,-154.0,-161.0,-91.0,-72.0,-93.0,-96.0,-102.0,-134.0,-132.0,-129.0
202,0.0,-2.0,-2.0,-2.0,3.0,3.0,2.0,-9.0,-17.0,-20.0,-14.0,-2.0,11.0,15.0,14.0,12.0,8.0,23.0,36.0,42.0,40.0,48.0,37.0,39.0,48.0,69.0,62.0,62.0,61.0,67.0,54.0
203,0.0,-17.0,-42.0,-70.0,-40.0,-8.0,-19.0,-11.0,-24.0,-67.0,-88.0,-126.0,-145.0,-141.0,-142.0,-150.0,-126.0,-132.0,-154.0,-150.0,-159.0,-162.0,-135.0,-121.0,-150.0,-189.0,-178.0,-197.0,-226.0,-235.0,-192.0
205,0.0,-26.0,-11.0,-4.0,-15.0,-22.0,-12.0,-16.0,-21.0,-29.0,-18.0,0.0,3.0,8.0,28.0,38.0,37.0,27.0,23.0,20.0,13.0,-5.0,-3.0,6.0,14.0,27.0,46.0,51.0,53.0,,
213,0.0,-1.0,-6.0,-9.0,-10.0,-7.0,-2.0,3.0,11.0,23.0,23.0,,,11.0,10.0,22.0,26.0,27.0,30.0,34.0,29.0,25.0,18.0,19.0,20.0,20.0,16.0,19.0,20.0,21.0,28.0
215,0.0,-23.0,-14.0,16.0,28.0,41.0,55.0,49.0,30.0,31.0,49.0,48.0,62.0,84.0,109.0,111.0,116.0,113.0,96.0,97.0,115.0,120.0,109.0,111.0,99.0,111.0,112.0,116.0,147.0,163.0,140.0
216,0.0,-9.0,-16.0,-4.0,-1.0,2.0,2.0,10.0,-12.0,-25.0,-35.0,-30.0,-46.0,-36.0,-17.0,12.0,26.0,59.0,67.0,62.0,56.0,46.0,54.0,68.0,84.0,79.0,91.0,94.0,104.0,99.0,98.0
221,0.0,11.0,8.0,19.0,42.0,59.0,56.0,63.0,58.0,47.0,33.0,32.0,30.0,42.0,55.0,67.0,73.0,85.0,91.0,90.0,89.0,88.0,87.0,91.0,91.0,90.0,95.0,101.0,109.0,119.0,134.0
224,0.0,10.0,24.0,7.0,-4.0,-9.0,-6.0,-8.0,7.0,8.0,19.0,32.0,38.0,51.0,67.0,70.0,63.0,56.0,48.0,48.0,66.0,77.0,81.0,83.0,98.0,104.0,114.0,132.0,137.0,135.0,125.0
225,0.0,-9.0,2.0,-15.0,-37.0,-28.0,-29.0,-27.0,-31.0,-17.0,-16.0,-22.0,-24.0,-22.0,-25.0,-28.0,-26.0,-46.0,-46.0,-48.0,-36.0,-34.0,-20.0,-26.0,-31.0,-32.0,-35.0,-38.0,-54.0,-55.0,-64.0
229,0.0,-13.0,-40.0,-66.0,-40.0,-9.0,-16.0,-1.0,-14.0,-44.0,-64.0,-100.0,-121.0,-118.0,-120.0,-124.0,-102.0,-112.0,-132.0,-131.0,-137.0,-140.0,-108.0,-95.0,-122.0,-166.0,-154.0,-176.0,-205.0,-215.0,-167.0
230,0.0,-10.0,-12.0,-1.0,-12.0,-20.0,-14.0,-2.0,-15.0,-10.0,1.0,10.0,2.0,9.0,31.0,44.0,45.0,57.0,59.0,42.0,35.0,22.0,27.0,43.0,54.0,48.0,62.0,66.0,70.0,64.0,57.0
234,0.0,17.0,22.0,8.0,-1.0,-4.0,3.0,11.0,26.0,38.0,59.0,47.0,49.0,47.0,61.0,54.0,61.0,59.0,59.0,42.0,45.0,46.0,50.0,54.0,68.0,63.0,67.0,74.0,85.0,100.0,123.0
235,0.0,3.0,12.0,0.0,-11.0,-19.0,-13.0,-13.0,-3.0,-5.0,4.0,14.0,24.0,35.0,49.0,52.0,43.0,36.0,29.0,32.0,48.0,61.0,67.0,73.0,85.0,98.0,107.0,119.0,126.0,126.0,107.0
236,0.0,-4.0,-13.0,-11.0,-2.0,15.0,5.0,9.0,-6.0,-6.0,-14.0,-21.0,-29.0,-19.0,-18.0,-19.0,3.0,10.0,3.0,4.0,5.0,10.0,27.0,42.0,42.0,39.0,44.0,36.0,25.0,31.0,48.0
239,0.0,-19.0,-39.0,-61.0,-13.0,12.0,7.0,22.0,6.0,-26.0,-47.0,-81.0,-93.0,-81.0,-80.0,-83.0,-55.0,-63.0,-85.0,-82.0,-89.0,-95.0,-65.0,-45.0,-66.0,-92.0,-82.0,-98.0,-127.0,-137.0,-100.0
240,0.0,-13.0,-44.0,-67.0,-37.0,-10.0,-15.0,1.0,-15.0,-53.0,-74.0,-110.0,-134.0,-132.0,-137.0,-143.0,-123.0,-132.0,-152.0,-151.0,-161.0,-165.0,-138.0,-126.0,-152.0,-193.0,-183.0,-203.0,-232.0,-241.0,-194.0
245,0.0,2.0,0.0,-27.0,-41.0,-38.0,-36.0,-24.0,-3.0,10.0,15.0,13.0,17.0,13.0,-1.0,-8.0,-7.0,-25.0,-29.0,-13.0,-5.0,0.0,-2.0,0.0,2.0,0.0,-2.0,6.0,6.0,16.0,39.0
246,0.0,12.0,14.0,-1.0,-11.0,-15.0,-14.0,-9.0,-1.0,10.0,15.0,11.0,12.0,24.0,31.0,27.0,27.0,29.0,34.0,23.0,38.0,37.0,38.0,33.0,53.0,51.0,57.0,72.0,81.0,81.0,89.0
248,0.0,-2.0,-6.0,-1.0,0.0,0.0,1.0,3.0,-2.0,-5.0,6.0,10.0,9.0,12.0,21.0,22.0,31.0,42.0,48.0,42.0,31.0,25.0,20.0,26.0,32.0,55.0,72.0,89.0,88.0,102.0,
249,0.0,-18.0,-25.0,-46.0,-16.0,8.0,1.0,14.0,-3.0,-35.0,-54.0,-86.0,-99.0,-87.0,-87.0,-92.0,-65.0,-72.0,-91.0,-90.0,-98.0,-103.0,-76.0,-58.0,-78.0,-102.0,-93.0,-109.0,-139.0,-149.0,-116.0
255,0.0,-9.0,-12.0,-13.0,-2.0,10.0,4.0,4.0,0.0,0.0,1.0,17.0,22.0,28.0,29.0,24.0,23.0,28.0,31.0,33.0,34.0,32.0,38.0,37.0,39.0,45.0,43.0,26.0,22.0,15.0,70.0
256,0.0,3.0,3.0,-16.0,-23.0,-12.0,-6.0,6.0,19.0,21.0,16.0,10.0,16.0,16.0,8.0,5.0,3.0,-19.0,-23.0,-7.0,2.0,7.0,13.0,13.0,11.0,6.0,11.0,19.0,25.0,46.0,77.0
258,0.0,-3.0,-16.0,-5.0,5.0,-2.0,-11.0,-6.0,-28.0,-50.0,-63.0,42.0,29.0,23.0,30.0,29.0,27.0,30.0,31.0,30.0,42.0,50.0,40.0,57.0,72.0,76.0,72.0,86.0,87.0,87.0,86.0
265,0.0,-2.0,-24.0,-65.0,-87.0,-74.0,-78.0,-72.0,-59.0,-50.0,-37.0,-21.0,6.0,20.0,28.0,10.0,-20.0,-54.0,-66.0,-73.0,-68.0,-43.0,-45.0,-53.0,-55.0,-47.0,-49.0,-26.0,-31.0,-14.0,-11.0
266,0.0,-9.0,12.0,12.0,-9.0,-9.0,-16.0,-19.0,-37.0,-27.0,-24.0,-37.0,-52.0,-52.0,-61.0,-67.0,-54.0,-66.0,-68.0,-75.0,-70.0,-75.0,-83.0,-94.0,-109.0,-112.0,-130.0,-128.0,-145.0,-128.0,-133.0
285,0.0,-21.0,-45.0,-61.0,-32.0,-2.0,-9.0,7.0,-17.0,-52.0,-74.0,-110.0,-129.0,-120.0,-121.0,-126.0,-102.0,-110.0,-135.0,-136.0,-146.0,-152.0,-125.0,-107.0,-132.0,-165.0,-155.0,-173.0,-205.0,-216.0,-177.0
286,0.0,-5.0,-14.0,-20.0,-4.0,4.0,-6.0,-11.0,-16.0,-24.0,-27.0,-20.0,-14.0,-3.0,2.0,0.0,-8.0,-17.0,-28.0,-37.0,-38.0,-23.0,-5.0,6.0,12.0,20.0,10.0,-7.0,-33.0,-58.0,
299,0.0,13.0,24.0,4.0,-7.0,-12.0,-7.0,-2.0,16.0,18.0,30.0,45.0,55.0,76.0,97.0,104.0,94.0,79.0,69.0,70.0,90.0,102.0,113.0,113.0,126.0,130.0,139.0,156.0,165.0,167.0,159.0
300,0.0,-17.0,-12.0,-7.0,-14.0,-21.0,-13.0,-7.0,-3.0,-5.0,10.0,23.0,21.0,8.0,11.0,-5.0,-11.0,-14.0,1.0,22.0,45.0,51.0,56.0,51.0,30.0,26.0,20.0,10.0,10.0,22.0,28.0
302,0.0,-7.0,-21.0,-27.0,-18.0,-2.0,-3.0,0.0,-9.0,-11.0,-18.0,-24.0,-22.0,-13.0,-10.0,-3.0,10.0,17.0,14.0,15.0,9.0,13.0,17.0,25.0,22.0,17.0,16.0,8.0,-4.0,-4.0,4.0
311,0.0,12.0,21.0,6.0,-6.0,-7.0,-5.0,-3.0,10.0,14.0,21.0,39.0,47.0,59.0,69.0,73.0,65.0,53.0,44.0,50.0,72.0,76.0,75.0,75.0,81.0,79.0,94.0,118.0,129.0,136.0,136.0
312,0.0,2.0,-26.0,-47.0,8.0,37.0,40.0,65.0,59.0,11.0,-3.0,-18.0,-28.0,-26.0,-22.0,-31.0,-25.0,-26.0,-24.0,-30.0,-22.0,-18.0,-11.0,-15.0,-22.0,-48.0,-47.0,-66.0,-70.0,-79.0,-51.0
313,0.0,1.0,-13.0,-19.0,8.0,24.0,20.0,29.0,15.0,-3.0,-17.0,-31.0,-35.0,-26.0,-23.0,-24.0,-11.0,-7.0,-12.0,-12.0,-8.0,-5.0,-4.0,2.0,-1.0,-17.0,-10.0,-19.0,-27.0,-29.0,-4.0
314,0.0,-4.0,-16.0,19.0,29.0,38.0,36.0,39.0,22.0,7.0,-8.0,-2.0,5.0,13.0,19.0,27.0,28.0,38.0,51.0,61.0,57.0,70.0,67.0,72.0,77.0,80.0,68.0,66.0,60.0,61.0,68.0
315,0.0,-19.0,-34.0,-58.0,-20.0,15.0,14.0,37.0,21.0,-12.0,-32.0,-70.0,-84.0,-68.0,-65.0,-60.0,-27.0,-35.0,-54.0,-47.0,-54.0,-56.0,-21.0,5.0,-16.0,-48.0,-32.0,-48.0,-77.0,-87.0,-39.0
330,0.0,-14.0,-17.0,-21.0,5.0,11.0,20.0,21.0,4.0,-21.0,-15.0,-32.0,-27.0,-12.0,-8.0,-14.0,8.0,13.0,5.0,13.0,16.0,14.0,34.0,39.0,22.0,10.0,9.0,-8.0,-20.0,-25.0,-14.0
332,0.0,0.0,6.0,-3.0,-13.0,-26.0,-24.0,-25.0,-23.0,-23.0,-8.0,1.0,10.0,18.0,25.0,25.0,17.0,9.0,5.0,7.0,16.0,25.0,29.0,30.0,42.0,57.0,69.0,81.0,92.0,92.0,74.0
350,0.0,-7.0,-19.0,-16.0,-20.0,-27.0,-39.0,-48.0,-64.0,-61.0,-57.0,-49.0,-40.0,-38.0,-30.0,-24.0,-6.0,12.0,22.0,13.0,2.0,-5.0,-14.0,-14.0,-4.0,9.0,10.0,8.0,20.0,32.0,33.0
351,0.0,7.0,18.0,5.0,-7.0,-14.0,-11.0,-12.0,-1.0,3.0,12.0,22.0,30.0,41.0,53.0,56.0,51.0,44.0,33.0,32.0,46.0,54.0,56.0,61.0,72.0,83.0,91.0,107.0,112.0,112.0,94.0
352,0.0,1.0,3.0,7.0,-7.0,-14.0,-23.0,-34.0,-41.0,-32.0,-24.0,-10.0,1.0,14.0,24.0,31.0,32.0,38.0,44.0,47.0,48.0,44.0,37.0,38.0,44.0,64.0,68.0,74.0,82.0,87.0,
353,0.0,-4.0,-1.0,1.0,-19.0,-32.0,-44.0,-58.0,-66.0,-54.0,-40.0,-21.0,-6.0,11.0,20.0,32.0,34.0,45.0,44.0,42.0,32.0,25.0,13.0,12.0,19.0,45.0,47.0,49.0,61.0,,
359,0.0,-5.0,3.0,0.0,-2.0,10.0,22.0,23.0,24.0,34.0,40.0,34.0,34.0,42.0,57.0,66.0,83.0,92.0,101.0,101.0,98.0,91.0,94.0,97.0,98.0,108.0,123.0,134.0,144.0,144.0,140.0
360,0.0,17.0,26.0,7.0,-9.0,-16.0,-10.0,-9.0,15.0,25.0,34.0,64.0,74.0,90.0,94.0,94.0,65.0,48.0,38.0,39.0,60.0,69.0,77.0,72.0,84.0,83.0,101.0,117.0,121.0,126.0,121.0
361,0.0,10.0,15.0,21.0,42.0,52.0,47.0,50.0,35.0,28.0,16.0,16.0,17.0,33.0,35.0,40.0,51.0,60.0,65.0,68.0,68.0,79.0,81.0,84.0,84.0,79.0,70.0,62.0,49.0,50.0,46.0
366,0.0,12.0,25.0,10.0,0.0,-4.0,-5.0,-7.0,9.0,18.0,29.0,47.0,57.0,68.0,73.0,77.0,69.0,63.0,55.0,59.0,78.0,89.0,93.0,97.0,111.0,119.0,131.0,145.0,153.0,153.0,138.0
367,0.0,7.0,21.0,11.0,-1.0,-11.0,-16.0,-21.0,-16.0,-15.0,-9.0,9.0,20.0,33.0,46.0,53.0,49.0,43.0,32.0,33.0,47.0,55.0,57.0,70.0,82.0,94.0,102.0,117.0,118.0,118.0,101.0
368,0.0,15.0,17.0,17.0,33.0,39.0,32.0,34.0,32.0,29.0,42.0,44.0,42.0,63.0,58.0,45.0,51.0,94.0,112.0,135.0,117.0,101.0,82.0,75.0,83.0,74.0,108.0,112.0,104.0,105.0,130.0
369,0.0,-11.0,6.0,19.0,-4.0,24.0,24.0,26.0,19.0,22.0,22.0,37.0,53.0,81.0,142.0,96.0,95.0,95.0,81.0,-82.0,33.0,33.0,40.0,113.0,106.0,123.0,109.0,109.0,89.0,,
373,0.0,-17.0,-17.0,-16.0,-47.0,-35.0,-27.0,-29.0,-31.0,7.0,13.0,25.0,36.0,57.0,72.0,79.0,78.0,85.0,85.0,77.0,82.0,86.0,83.0,82.0,91.0,109.0,107.0,116.0,131.0,135.0,116.0
374,0.0,-22.0,-19.0,-3.0,-17.0,-16.0,19.0,8.0,-41.0,-50.0,-50.0,-90.0,-108.0,-81.0,-49.0,-51.0,-28.0,-28.0,-18.0,-28.0,-20.0,-19.0,-16.0,-30.0,-9.0,13.0,12.0,19.0,39.0,46.0,30.0
375,0.0,-10.0,-42.0,-21.0,-39.0,-59.0,-54.0,-61.0,-94.0,-99.0,-64.0,-49.0,-46.0,-39.0,-40.0,-72.0,-112.0,-124.0,-134.0,-127.0,-121.0,-118.0,-123.0,-115.0,-126.0,-120.0,,,,,
376,0.0,-20.0,-37.0,-56.0,-26.0,3.0,-4.0,10.0,-7.0,-39.0,-61.0,-95.0,-110.0,-100.0,-101.0,-105.0,-80.0,-87.0,-109.0,-108.0,-117.0,-122.0,-94.0,-76.0,-98.0,-127.0,-117.0,-134.0,-164.0,-175.0,-138.0
377,0.0,0.0,-6.0,-26.0,-24.0,-26.0,-31.0,-15.0,-2.0,8.0,22.0,27.0,25.0,27.0,13.0,5.0,2.0,-19.0,-23.0,-4.0,5.0,12.0,12.0,14.0,15.0,11.0,7.0,16.0,16.0,27.0,51.0
378,0.0,4.0,-10.0,-50.0,-59.0,-55.0,-59.0,-40.0,-19.0,-13.0,1.0,3.0,-7.0,-8.0,-1.0,-17.0,-29.0,-42.0,-49.0,-56.0,-46.0,-32.0,-40.0,-52.0,-56.0,-60.0,-74.0,-65.0,-75.0,-66.0,-61.0
384,0.0,0.0,-9.0,-40.0,-54.0,-45.0,-50.0,-42.0,-30.0,-19.0,-8.0,-4.0,2.0,12.0,12.0,-1.0,-9.0,-28.0,-35.0,-32.0,-21.0,-5.0,-5.0,-14.0,-18.0,-12.0,-17.0,-3.0,-5.0,10.0,13.0
385,0.0,-4.0,-15.0,-51.0,-67.0,-59.0,-67.0,-62.0,-54.0,-46.0,-36.0,-34.0,-28.0,-23.0,-29.0,-47.0,-58.0,-85.0,-94.0,-93.0,-86.0,-74.0,-76.0,-89.0,-95.0,-90.0,-98.0,-86.0,-94.0,-82.0,-86.0
392,0.0,-3.0,-1.0,-5.0,-5.0,-10.0,-9.0,-5.0,-7.0,-7.0,-4.0,2.0,7.0,11.0,13.0,16.0,18.0,17.0,23.0,24.0,28.0,31.0,31.0,35.0,50.0,67.0,79.0,90.0,98.0,99.0,87.0
393,0.0,7.0,23.0,24.0,10.0,-3.0,5.0,-2.0,-4.0,9.0,22.0,25.0,36.0,44.0,39.0,33.0,27.0,22.0,40.0,53.0,51.0,35.0,66.0,48.0,49.0,71.0,93.0,64.0,76.0,68.0,53.0
394,0.0,1.0,7.0,31.0,38.0,49.0,45.0,30.0,7.0,-8.0,-16.0,-2.0,-4.0,8.0,27.0,54.0,63.0,85.0,86.0,70.0,52.0,53.0,55.0,62.0,85.0,97.0,100.0,116.0,131.0,92.0,90.0
395,0.0,18.0,23.0,8.0,1.0,-3.0,1.0,8.0,20.0,30.0,52.0,42.0,48.0,50.0,67.0,55.0,62.0,60.0,57.0,41.0,53.0,52.0,58.0,62.0,76.0,67.0,72.0,76.0,91.0,106.0,129.0
396,0.0,12.0,17.0,0.0,-9.0,-11.0,-2.0,4.0,21.0,24.0,42.0,43.0,44.0,50.0,68.0,63.0,55.0,51.0,47.0,28.0,26.0,33.0,32.0,25.0,39.0,41.0,38.0,51.0,61.0,77.0,96.0
397,0.0,-14.0,-16.0,-37.0,-32.0,-33.0,-40.0,,-67.0,-59.0,-34.0,-59.0,-57.0,-46.0,-44.0,-49.0,-21.0,-14.0,-21.0,-10.0,-3.0,-6.0,19.0,36.0,31.0,27.0,34.0,22.0,7.0,-5.0,-2.0
405,0.0,-22.0,-15.0,-33.0,-62.0,-65.0,-80.0,-94.0,-116.0,-120.0,-135.0,-164.0,-189.0,-206.0,-223.0,-238.0,-240.0,-263.0,-277.0,-301.0,-307.0,-323.0,-337.0,-352.0,-359.0,-368.0,-381.0,-386.0,-413.0,-424.0,-440.0
407,0.0,-11.0,-6.0,-12.0,-10.0,8.0,16.0,12.0,9.0,16.0,10.0,2.0,-5.0,0.0,8.0,15.0,28.0,38.0,44.0,53.0,50.0,40.0,39.0,38.0,25.0,33.0,54.0,67.0,80.0,79.0,77.0
408,0.0,-7.0,1.0,4.0,-32.0,-39.0,-52.0,-66.0,-61.0,-26.0,-11.0,11.0,30.0,38.0,53.0,56.0,59.0,78.0,73.0,63.0,60.0,49.0,31.0,28.0,36.0,61.0,69.0,84.0,103.0,107.0,115.0
409,0.0,-9.0,-12.0,-23.0,-84.0,-103.0,-129.0,-155.0,-185.0,-165.0,-175.0,-188.0,-201.0,,83.0,42.0,29.0,21.0,17.0,6.0,10.0,16.0,20.0,20.0,23.0,35.0,35.0,48.0,72.0,73.0,73.0
410,0.0,-2.0,0.0,-3.0,-8.0,-35.0,-41.0,-48.0,-54.0,-39.0,-23.0,-27.0,-30.0,-27.0,-41.0,-40.0,-41.0,-39.0,-5.0,4.0,24.0,22.0,16.0,3.0,12.0,32.0,37.0,45.0,61.0,65.0,53.0
411,0.0,-10.0,-11.0,-11.0,-15.0,11.0,7.0,0.0,-2.0,2.0,-1.0,1.0,12.0,27.0,45.0,61.0,63.0,74.0,72.0,54.0,56.0,73.0,69.0,69.0,85.0,96.0,93.0,73.0,77.0,70.0,48.0
412,0.0,17.0,31.0,18.0,11.0,9.0,10.0,14.0,28.0,30.0,35.0,50.0,54.0,66.0,77.0,79.0,70.0,60.0,51.0,55.0,75.0,87.0,96.0,99.0,110.0,113.0,126.0,141.0,149.0,162.0,165.0
413,0.0,-12.0,-14.0,-10.0,-5.0,1.0,-1.0,-2.0,-12.0,-13.0,-10.0,-8.0,-4.0,9.0,16.0,18.0,39.0,49.0,48.0,50.0,48.0,42.0,49.0,54.0,49.0,51.0,49.0,36.0,26.0,28.0,31.0
414,0.0,-34.0,-23.0,-8.0,-18.0,-26.0,-27.0,-37.0,-49.0,-62.0,-55.0,-38.0,-28.0,-28.0,22.0,44.0,55.0,55.0,55.0,35.0,21.0,-7.0,13.0,17.0,7.0,33.0,49.0,29.0,33.0,,
425,0.0,-22.0,-33.0,-75.0,-100.0,-110.0,33.0,-40.0,-83.0,-96.0,-102.0,-149.0,-154.0,-148.0,-141.0,-143.0,-132.0,-128.0,-124.0,-126.0,-119.0,-113.0,-106.0,-107.0,-113.0,-132.0,-127.0,-137.0,-135.0,-137.0,-106.0
426,0.0,-8.0,4.0,-9.0,-33.0,-29.0,-37.0,-40.0,-47.0,-36.0,-34.0,-39.0,-41.0,-39.0,-39.0,-40.0,-32.0,-47.0,-48.0,-50.0,-41.0,-36.0,-27.0,-33.0,-43.0,-50.0,-71.0,-84.0,-115.0,-117.0,-126.0
427,0.0,-8.0,-10.0,-14.0,-18.0,-21.0,-10.0,-9.0,-8.0,0.0,5.0,13.0,30.0,41.0,48.0,58.0,56.0,51.0,48.0,41.0,36.0,32.0,32.0,36.0,55.0,82.0,99.0,106.0,113.0,109.0,93.0
428,0.0,12.0,10.0,2.0,-1.0,5.0,13.0,27.0,39.0,49.0,56.0,61.0,59.0,63.0,69.0,52.0,27.0,22.0,30.0,24.0,36.0,46.0,49.0,48.0,57.0,61.0,69.0,92.0,98.0,107.0,121.0
429,0.0,6.0,16.0,3.0,-9.0,-11.0,-6.0,-4.0,7.0,11.0,19.0,33.0,44.0,58.0,71.0,74.0,66.0,57.0,46.0,45.0,60.0,70.0,76.0,82.0,97.0,106.0,117.0,129.0,130.0,127.0,107.0
430,0.0,6.0,11.0,-1.0,-17.0,-22.0,-19.0,-12.0,2.0,8.0,15.0,22.0,31.0,42.0,54.0,55.0,52.0,41.0,31.0,29.0,44.0,53.0,56.0,63.0,75.0,85.0,94.0,109.0,110.0,107.0,87.0
431,0.0,-32.0,-39.0,-75.0,-107.0,-117.0,-116.0,-128.0,-93.0,-85.0,-74.0,-79.0,-69.0,-52.0,-48.0,-53.0,-35.0,-24.0,-60.0,-86.0,-72.0,-83.0,-93.0,-87.0,-50.0,-54.0,-66.0,-78.0,-99.0,-94.0,-94.0
437,0.0,12.0,-1.0,-46.0,-59.0,-59.0,-70.0,-60.0,-39.0,-37.0,-17.0,-8.0,-3.0,3.0,0.0,-18.0,-28.0,-46.0,-61.0,-47.0,-37.0,-21.0,-30.0,-36.0,-39.0,-43.0,-50.0,-40.0,-40.0,-30.0,-16.0
438,0.0,-18.0,-21.0,-12.0,-16.0,-16.0,2.0,10.0,5.0,11.0,17.0,15.0,22.0,30.0,32.0,35.0,40.0,30.0,26.0,31.0,35.0,40.0,56.0,66.0,70.0,76.0,68.0,39.0,50.0,,
444,0.0,25.0,29.0,43.0,49.0,57.0,80.0,91.0,97.0,117.0,154.0,177.0,211.0,234.0,259.0,264.0,276.0,285.0,294.0,295.0,284.0,298.0,297.0,321.0,327.0,358.0,371.0,393.0,398.0,401.0,378.0
445,0.0,-15.0,-1.0,-17.0,-50.0,-57.0,-77.0,-98.0,-113.0,-105.0,-107.0,-117.0,-125.0,-138.0,-151.0,-166.0,-167.0,-195.0,-207.0,-225.0,-231.0,-246.0,-261.0,-282.0,-309.0,-328.0,-358.0,-372.0,-405.0,-407.0,-421.0
446,0.0,25.0,32.0,-6.0,-20.0,-29.0,-25.0,-19.0,-24.0,-37.0,-36.0,-14.0,-33.0,-40.0,-24.0,-10.0,-15.0,7.0,28.0,30.0,10.0,-9.0,-5.0,-4.0,13.0,31.0,72.0,99.0,111.0,121.0,155.0
447,0.0,-2.0,-31.0,-41.0,-79.0,-108.0,-92.0,-89.0,-107.0,-117.0,-124.0,-156.0,-150.0,-146.0,-148.0,-149.0,-156.0,-166.0,-171.0,-185.0,-192.0,-186.0,-193.0,-203.0,-195.0,-186.0,-201.0,-202.0,-204.0,-214.0,-260.0
448,0.0,-10.0,-14.0,-3.0,-5.0,-2.0,-2.0,5.0,-14.0,-22.0,-29.0,-17.0,-26.0,-19.0,-8.0,15.0,17.0,34.0,39.0,44.0,38.0,22.0,31.0,46.0,55.0,54.0,73.0,83.0,90.0,86.0,79.0
453,0.0,-8.0,-1.0,3.0,15.0,10.0,5.0,-11.0,-19.0,-20.0,-13.0,-7.0,2.0,1.0,6.0,11.0,26.0,40.0,47.0,46.0,35.0,30.0,26.0,26.0,27.0,33.0,33.0,33.0,34.0,45.0,49.0
467,0.0,6.0,4.0,4.0,5.0,1.0,-9.0,-19.0,-26.0,-22.0,-10.0,3.0,15.0,22.0,17.0,16.0,23.0,30.0,31.0,34.0,25.0,22.0,16.0,19.0,23.0,34.0,34.0,36.0,35.0,43.0,40.0
468,0.0,-4.0,14.0,38.0,23.0,21.0,18.0,-28.0,-66.0,-54.0,-50.0,-29.0,-10.0,-17.0,-12.0,-12.0,-8.0,15.0,21.0,20.0,15.0,4.0,5.0,10.0,8.0,9.0,6.0,1.0,0.0,7.0,12.0
469,0.0,3.0,5.0,4.0,-1.0,3.0,10.0,5.0,13.0,30.0,39.0,40.0,50.0,47.0,50.0,47.0,,,,24.0,8.0,9.0,5.0,3.0,3.0,15.0,17.0,24.0,39.0,61.0,52.0
470,0.0,-18.0,-26.0,-27.0,-21.0,-9.0,-10.0,-7.0,-13.0,-10.0,-7.0,-3.0,-3.0,7.0,13.0,16.0,38.0,48.0,47.0,49.0,48.0,43.0,53.0,63.0,68.0,66.0,63.0,50.0,39.0,26.0,32.0
471,0.0,-4.0,-12.0,-6.0,-3.0,-5.0,-17.0,26.0,20.0,33.0,54.0,199.0,140.0,98.0,98.0,109.0,91.0,68.0,66.0,61.0,33.0,28.0,25.0,43.0,-12.0,-4.0,0.0,3.0,-19.0,47.0,51.0
474,0.0,-6.0,17.0,21.0,4.0,11.0,11.0,-17.0,-46.0,-29.0,-40.0,-40.0,-37.0,-34.0,-45.0,-29.0,7.0,55.0,55.0,52.0,49.0,46.0,46.0,44.0,55.0,66.0,77.0,80.0,81.0,92.0,95.0
483,0.0,8.0,20.0,8.0,9.0,-1.0,2.0,-12.0,-8.0,-3.0,19.0,47.0,80.0,87.0,85.0,84.0,72.0,59.0,62.0,68.0,62.0,63.0,54.0,40.0,35.0,48.0,40.0,39.0,43.0,51.0,39.0
484,0.0,-5.0,4.0,17.0,23.0,25.0,25.0,7.0,-8.0,-14.0,-4.0,24.0,54.0,61.0,69.0,63.0,49.0,42.0,42.0,31.0,25.0,26.0,23.0,26.0,53.0,77.0,83.0,88.0,97.0,107.0,97.0
485,0.0,-5.0,4.0,9.0,23.0,22.0,19.0,-7.0,-13.0,-24.0,-23.0,-5.0,21.0,32.0,36.0,42.0,44.0,45.0,47.0,51.0,51.0,49.0,45.0,45.0,51.0,68.0,69.0,76.0,83.0,93.0,86.0
486,0.0,4.0,-10.0,-9.0,17.0,36.0,26.0,34.0,24.0,11.0,-7.0,-14.0,-17.0,-7.0,1.0,8.0,22.0,31.0,28.0,26.0,25.0,32.0,32.0,42.0,43.0,34.0,41.0,36.0,26.0,27.0,48.0
487,0.0,1.0,13.0,19.0,14.0,11.0,9.0,3.0,-4.0,-5.0,2.0,-5.0,-1.0,-3.0,-8.0,-14.0,-20.0,-37.0,-49.0,-45.0,-43.0,-49.0,-51.0,-61.0,-68.0,-77.0,-73.0,-83.0,-87.0,-79.0,-69.0
488,0.0,-26.0,-25.0,-32.0,-34.0,-35.0,-12.0,-10.0,-6.0,10.0,11.0,12.0,21.0,30.0,39.0,38.0,40.0,40.0,49.0,59.0,72.0,76.0,78.0,76.0,77.0,91.0,98.0,99.0,103.0,103.0,93.0
489,0.0,-11.0,-12.0,-7.0,-1.0,9.0,11.0,13.0,4.0,5.0,7.0,8.0,9.0,21.0,26.0,29.0,49.0,59.0,55.0,55.0,52.0,47.0,54.0,58.0,54.0,54.0,48.0,37.0,26.0,27.0,29.0
495,0.0,4.0,36.0,34.0,4.0,-7.0,-27.0,-51.0,-79.0,-91.0,-92.0,-148.0,-180.0,-210.0,-227.0,-237.0,-228.0,-262.0,-285.0,-314.0,-328.0,-353.0,-371.0,-387.0,-409.0,-427.0,-451.0,-469.0,-506.0,-520.0,-538.0
496,0.0,0.0,6.0,12.0,30.0,28.0,25.0,14.0,5.0,-10.0,-8.0,3.0,23.0,35.0,47.0,56.0,66.0,75.0,92.0,108.0,110.0,109.0,103.0,95.0,93.0,108.0,117.0,118.0,109.0,,
497,0.0,7.0,7.0,-6.0,1.0,-8.0,0.0,15.0,28.0,43.0,57.0,57.0,64.0,78.0,88.0,87.0,92.0,101.0,101.0,104.0,115.0,112.0,115.0,121.0,126.0,127.0,134.0,129.0,128.0,125.0,131.0
498,0.0,3.0,10.0,9.0,10.0,22.0,30.0,22.0,21.0,18.0,3.0,2.0,6.0,4.0,2.0,-1.0,-8.0,-9.0,-2.0,4.0,7.0,9.0,7.0,5.0,7.0,24.0,30.0,33.0,36.0,36.0,24.0
499,0.0,-17.0,-34.0,-60.0,-86.0,-101.0,-100.0,-104.0,-99.0,-86.0,-74.0,-71.0,-42.0,-32.0,-31.0,-19.0,-6.0,-21.0,-23.0,-9.0,-8.0,-13.0,-33.0,-44.0,-60.0,-71.0,-74.0,-72.0,-70.0,-77.0,-62.0
508,0.0,2.0,-2.0,-25.0,-36.0,-37.0,-37.0,-26.0,-11.0,-6.0,0.0,-6.0,-4.0,-8.0,-18.0,-24.0,-21.0,-39.0,-43.0,-30.0,-22.0,-17.0,-21.0,-22.0,-22.0,-29.0,-32.0,-23.0,-23.0,-11.0,14.0
509,0.0,13.0,-5.0,-11.0,15.0,36.0,27.0,38.0,25.0,10.0,-8.0,-20.0,-25.0,-14.0,-8.0,-1.0,14.0,22.0,19.0,17.0,14.0,20.0,21.0,28.0,27.0,15.0,18.0,8.0,-5.0,-8.0,11.0
510,0.0,-1.0,-25.0,-56.0,-65.0,-68.0,-74.0,-61.0,-43.0,-37.0,-44.0,-52.0,-58.0,-72.0,-79.0,-80.0,-65.0,-72.0,-49.0,-37.0,-36.0,-43.0,-49.0,-72.0,-82.0,-78.0,-72.0,-62.0,-60.0,-63.0,-65.0
513,0.0,-8.0,3.0,16.0,13.0,17.0,7.0,10.0,0.0,-5.0,-2.0,24.0,15.0,23.0,37.0,49.0,50.0,62.0,68.0,67.0,65.0,68.0,103.0,122.0,128.0,149.0,167.0,174.0,176.0,178.0,142.0
518,0.0,2.0,11.0,13.0,15.0,18.0,24.0,31.0,51.0,74.0,103.0,122.0,146.0,153.0,163.0,171.0,177.0,183.0,190.0,197.0,202.0,206.0,204.0,204.0,202.0,200.0,200.0,201.0,211.0,218.0,219.0
519,0.0,7.0,19.0,7.0,-4.0,-10.0,-8.0,-6.0,5.0,16.0,30.0,45.0,55.0,68.0,75.0,82.0,81.0,71.0,60.0,70.0,85.0,97.0,103.0,111.0,118.0,125.0,128.0,143.0,149.0,147.0,131.0
520,0.0,12.0,20.0,14.0,15.0,14.0,16.0,15.0,19.0,19.0,26.0,18.0,21.0,25.0,32.0,29.0,28.0,29.0,35.0,33.0,40.0,49.0,54.0,52.0,59.0,59.0,63.0,78.0,87.0,93.0,107.0
521,0.0,-10.0,-4.0,15.0,9.0,-4.0,5.0,13.0,5.0,7.0,31.0,46.0,45.0,36.0,35.0,18.0,8.0,1.0,20.0,37.0,53.0,64.0,71.0,63.0,43.0,36.0,28.0,21.0,19.0,33.0,43.0
522,0.0,1.0,-6.0,-3.0,13.0,15.0,23.0,48.0,44.0,36.0,38.0,58.0,51.0,62.0,85.0,115.0,127.0,141.0,146.0,135.0,123.0,126.0,132.0,152.0,160.0,166.0,171.0,194.0,198.0,190.0,191.0
523,0.0,15.0,24.0,28.0,21.0,26.0,28.0,29.0,28.0,32.0,38.0,35.0,20.0,37.0,41.0,49.0,60.0,88.0,91.0,98.0,85.0,81.0,74.0,78.0,83.0,100.0,94.0,114.0,116.0,118.0,113.0
524,0.0,0.0,4.0,24.0,40.0,71.0,81.0,94.0,81.0,75.0,58.0,51.0,46.0,37.0,37.0,34.0,39.0,40.0,66.0,70.0,75.0,75.0,82.0,73.0,67.0,51.0,48.0,33.0,27.0,26.0,49.0
525,0.0,-2.0,7.0,-3.0,-13.0,-21.0,-18.0,-17.0,-10.0,-3.0,8.0,13.0,19.0,19.0,26.0,29.0,24.0,14.0,13.0,11.0,17.0,23.0,25.0,29.0,40.0,53.0,62.0,74.0,81.0,82.0,65.0
526,0.0,18.0,23.0,11.0,3.0,8.0,22.0,36.0,55.0,73.0,81.0,73.0,76.0,87.0,93.0,88.0,92.0,102.0,104.0,108.0,122.0,125.0,127.0,130.0,138.0,146.0,160.0,177.0,195.0,202.0,214.0
537,0.0,15.0,25.0,44.0,41.0,32.0,20.0,25.0,8.0,-10.0,-11.0,-3.0,-9.0,,,,,,-164.0,-106.0,-84.0,-76.0,-62.0,-15.0,-7.0,-10.0,7.0,19.0,22.0,33.0,53.0
538,0.0,9.0,13.0,-5.0,-15.0,-13.0,-3.0,12.0,30.0,48.0,65.0,61.0,74.0,97.0,113.0,112.0,127.0,140.0,141.0,150.0,166.0,163.0,168.0,174.0,174.0,179.0,188.0,185.0,191.0,196.0,205.0
539,0.0,9.0,-8.0,16.0,17.0,9.0,10.0,16.0,30.0,52.0,55.0,64.0,75.0,32.0,25.0,31.0,29.0,35.0,83.0,89.0,89.0,95.0,100.0,102.0,98.0,108.0,131.0,155.0,177.0,201.0,228.0
540,0.0,-14.0,-17.0,11.0,-5.0,-28.0,-39.0,-40.0,-44.0,-39.0,-21.0,15.0,15.0,14.0,44.0,77.0,82.0,114.0,102.0,82.0,73.0,80.0,95.0,127.0,144.0,149.0,146.0,158.0,153.0,144.0,118.0
541,0.0,-9.0,-31.0,-47.0,-43.0,-27.0,-18.0,7.0,9.0,1.0,-24.0,-63.0,-105.0,-118.0,-145.0,-167.0,-130.0,-107.0,-96.0,-77.0,-51.0,-61.0,-63.0,-73.0,-75.0,-79.0,-75.0,-82.0,-81.0,-92.0,-88.0
543,0.0,-23.0,-17.0,-4.0,-14.0,-5.0,12.0,18.0,14.0,9.0,18.0,22.0,30.0,32.0,68.0,74.0,85.0,70.0,55.0,29.0,12.0,-7.0,-11.0,5.0,19.0,38.0,64.0,86.0,98.0,,
562,0.0,6.0,-30.0,-61.0,-19.0,22.0,24.0,60.0,45.0,25.0,6.0,-10.0,-18.0,-14.0,-9.0,-15.0,-4.0,-5.0,-8.0,-13.0,-8.0,-5.0,-1.0,-1.0,-8.0,-32.0,-26.0,-38.0,-40.0,-45.0,-10.0
563,0.0,10.0,19.0,7.0,2.0,-1.0,-2.0,7.0,8.0,15.0,17.0,8.0,6.0,18.0,11.0,-3.0,5.0,10.0,19.0,19.0,34.0,39.0,31.0,13.0,18.0,21.0,19.0,31.0,46.0,57.0,78.0
564,0.0,10.0,-8.0,-5.0,-1.0,1.0,5.0,19.0,20.0,19.0,13.0,3.0,5.0,10.0,21.0,39.0,47.0,51.0,52.0,40.0,34.0,29.0,30.0,30.0,35.0,55.0,77.0,86.0,102.0,111.0,100.0
566,0.0,-3.0,22.0,28.0,13.0,24.0,26.0,27.0,16.0,37.0,44.0,35.0,33.0,39.0,33.0,33.0,52.0,41.0,44.0,42.0,52.0,52.0,52.0,46.0,36.0,33.0,19.0,22.0,6.0,18.0,18.0
567,0.0,-5.0,0.0,-6.0,-45.0,-59.0,-80.0,-98.0,-117.0,-116.0,-116.0,-127.0,-132.0,-134.0,-145.0,-158.0,-154.0,-176.0,-183.0,-188.0,-189.0,-197.0,-208.0,-228.0,-249.0,-257.0,-280.0,-287.0,-307.0,-299.0,-302.0
569,0.0,-35.0,-29.0,-25.0,-15.0,31.0,75.0,64.0,37.0,20.0,-15.0,-27.0,-15.0,-9.0,-7.0,12.0,32.0,24.0,61.0,49.0,51.0,36.0,61.0,37.0,51.0,47.0,,,,,
593,0.0,-11.0,-35.0,-37.0,-18.0,3.0,-5.0,6.0,23.0,18.0,18.0,30.0,38.0,22.0,26.0,23.0,23.0,14.0,21.0,23.0,29.0,37.0,38.0,39.0,42.0,55.0,54.0,44.0,44.0,44.0,31.0
595,0.0,-31.0,-23.0,-11.0,-46.0,-54.0,-44.0,-57.0,-61.0,-39.0,-33.0,-23.0,-2.0,2.0,9.0,27.0,23.0,22.0,18.0,19.0,4.0,-2.0,-2.0,8.0,-3.0,-3.0,8.0,17.0,23.0,29.0,36.0
599,0.0,4.0,5.0,-1.0,27.0,56.0,82.0,89.0,102.0,105.0,106.0,93.0,106.0,99.0,97.0,98.0,115.0,126.0,157.0,168.0,196.0,212.0,229.0,232.0,235.0,200.0,188.0,162.0,162.0,,
600,0.0,16.0,17.0,26.0,26.0,71.0,57.0,,,-317.0,-96.0,-31.0,5.0,21.0,95.0,73.0,51.0,41.0,32.0,23.0,37.0,54.0,70.0,73.0,100.0,80.0,85.0,71.0,108.0,,
601,0.0,-11.0,-16.0,-16.0,6.0,53.0,92.0,98.0,113.0,113.0,90.0,52.0,88.0,79.0,86.0,94.0,102.0,75.0,70.0,47.0,43.0,48.0,60.0,75.0,80.0,20.0,-12.0,-50.0,,,
602,0.0,-13.0,8.0,9.0,28.0,52.0,80.0,79.0,77.0,77.0,49.0,18.0,33.0,23.0,16.0,2.0,11.0,-30.0,-4.0,1.0,47.0,58.0,94.0,96.0,80.0,71.0,64.0,67.0,72.0,,
604,0.0,12.0,43.0,71.0,106.0,113.0,118.0,120.0,113.0,134.0,125.0,137.0,137.0,162.0,144.0,168.0,179.0,197.0,231.0,219.0,261.0,277.0,317.0,247.0,286.0,252.0,189.0,162.0,168.0,,
605,0.0,20.0,33.0,44.0,78.0,90.0,98.0,128.0,187.0,8.0,-50.0,-46.0,-49.0,-42.0,-43.0,-22.0,-16.0,13.0,165.0,204.0,294.0,326.0,382.0,250.0,246.0,221.0,234.0,202.0,198.0,,
606,0.0,6.0,23.0,28.0,50.0,63.0,66.0,70.0,76.0,69.0,52.0,38.0,19.0,8.0,-6.0,2.0,28.0,51.0,80.0,107.0,132.0,137.0,142.0,138.0,133.0,146.0,146.0,112.0,67.0,,
612,0.0,-23.0,-28.0,-16.0,25.0,49.0,71.0,91.0,73.0,36.0,45.0,41.0,23.0,42.0,85.0,,,,204.0,52.0,-32.0,-81.0,-92.0,-128.0,-89.0,-60.0,1.0,59.0,,,
634,0.0,20.0,38.0,29.0,22.0,18.0,12.0,-20.0,-15.0,0.0,0.0,-9.0,44.0,56.0,85.0,80.0,81.0,71.0,86.0,79.0,90.0,88.0,93.0,87.0,102.0,133.0,161.0,,,,
635,0.0,-10.0,-16.0,-30.0,-42.0,-48.0,-51.0,-55.0,-56.0,-51.0,-49.0,-54.0,-53.0,-55.0,-53.0,-54.0,-56.0,-60.0,-67.0,-76.0,-80.0,-84.0,-84.0,-86.0,-86.0,-84.0,-84.0,-87.0,,,
636,0.0,10.0,26.0,8.0,0.0,-9.0,-8.0,-10.0,8.0,13.0,28.0,43.0,53.0,65.0,78.0,78.0,67.0,54.0,44.0,41.0,58.0,68.0,72.0,73.0,85.0,88.0,94.0,108.0,114.0,115.0,110.0
637,0.0,-8.0,-6.0,4.0,15.0,23.0,31.0,31.0,17.0,10.0,10.0,5.0,8.0,24.0,31.0,40.0,44.0,46.0,36.0,23.0,13.0,13.0,21.0,24.0,41.0,67.0,85.0,94.0,110.0,117.0,107.0
638,0.0,22.0,21.0,16.0,18.0,39.0,35.0,16.0,2.0,-13.0,-46.0,-56.0,-45.0,-36.0,-34.0,-21.0,-18.0,-13.0,-1.0,9.0,7.0,18.0,21.0,15.0,13.0,15.0,21.0,11.0,11.0,21.0,33.0
640,0.0,14.0,-3.0,18.0,39.0,40.0,29.0,52.0,38.0,15.0,0.0,-34.0,-42.0,-26.0,3.0,8.0,59.0,55.0,47.0,32.0,74.0,70.0,91.0,111.0,124.0,84.0,69.0,,,,
641,0.0,-24.0,-21.0,-44.0,-33.0,-25.0,3.0,14.0,-5.0,39.0,14.0,9.0,9.0,18.0,-37.0,-16.0,-31.0,-29.0,-2.0,8.0,43.0,95.0,125.0,151.0,169.0,147.0,147.0,125.0,109.0,,
642,0.0,-12.0,-11.0,-9.0,12.0,40.0,58.0,75.0,74.0,68.0,42.0,39.0,28.0,19.0,-7.0,-13.0,-19.0,-33.0,-7.0,10.0,36.0,51.0,75.0,58.0,60.0,41.0,26.0,28.0,20.0,,
680,0.0,0.0,-10.0,-4.0,32.0,73.0,74.0,85.0,62.0,32.0,19.0,8.0,2.0,5.0,11.0,7.0,15.0,17.0,22.0,19.0,24.0,28.0,36.0,31.0,27.0,15.0,18.0,4.0,6.0,-1.0,18.0
681,0.0,-1.0,-20.0,-19.0,15.0,65.0,69.0,88.0,68.0,42.0,2.0,-9.0,-16.0,-12.0,-6.0,-10.0,0.0,3.0,6.0,4.0,10.0,14.0,21.0,19.0,14.0,-6.0,-3.0,-15.0,-16.0,-20.0,8.0
682,0.0,-16.0,-28.0,-30.0,3.0,23.0,29.0,34.0,15.0,-11.0,-31.0,-45.0,-49.0,-38.0,-31.0,-28.0,-15.0,-9.0,-12.0,-13.0,-12.0,-6.0,-6.0,0.0,-3.0,-15.0,-8.0,-14.0,-22.0,-22.0,2.0
684,0.0,14.0,-5.0,-28.0,0.0,23.0,37.0,75.0,100.0,82.0,100.0,100.0,105.0,107.0,141.0,148.0,161.0,167.0,188.0,188.0,193.0,203.0,203.0,173.0,144.0,103.0,72.0,38.0,38.0,35.0,55.0
685,0.0,-1.0,-1.0,3.0,-9.0,-14.0,-24.0,-37.0,-43.0,-33.0,-27.0,-9.0,5.0,18.0,28.0,35.0,35.0,41.0,40.0,42.0,42.0,39.0,33.0,13.0,-17.0,-25.0,-65.0,,,,
701,0.0,-9.0,-10.0,-14.0,3.0,3.0,1.0,9.0,12.0,7.0,14.0,11.0,2.0,11.0,14.0,6.0,3.0,10.0,12.0,13.0,9.0,17.0,7.0,-8.0,-23.0,-10.0,-11.0,3.0,5.0,13.0,7.0
703,0.0,-2.0,-11.0,-13.0,14.0,47.0,27.0,27.0,8.0,0.0,-25.0,-22.0,-18.0,1.0,9.0,13.0,39.0,43.0,41.0,42.0,43.0,47.0,62.0,75.0,72.0,60.0,66.0,57.0,,,
704,0.0,1.0,2.0,5.0,34.0,73.0,63.0,50.0,49.0,38.0,10.0,34.0,33.0,26.0,15.0,15.0,-14.0,-17.0,-14.0,-23.0,-24.0,-13.0,5.0,2.0,-17.0,-28.0,-18.0,-37.0,-33.0,,
721,0.0,-10.0,-6.0,-15.0,-16.0,-11.0,-12.0,-9.0,-4.0,1.0,6.0,8.0,7.0,9.0,16.0,19.0,20.0,21.0,21.0,25.0,25.0,31.0,31.0,31.0,25.0,28.0,19.0,14.0,15.0,4.0,-17.0
722,0.0,-1.0,6.0,6.0,10.0,28.0,43.0,50.0,52.0,61.0,62.0,54.0,52.0,59.0,72.0,83.0,102.0,112.0,120.0,128.0,125.0,118.0,123.0,126.0,123.0,134.0,152.0,161.0,169.0,166.0,160.0
723,0.0,6.0,18.0,22.0,25.0,30.0,36.0,38.0,35.0,42.0,39.0,35.0,29.0,41.0,37.0,46.0,57.0,70.0,75.0,84.0,87.0,90.0,91.0,88.0,88.0,90.0,85.0,92.0,101.0,112.0,117.0
724,0.0,-5.0,4.0,16.0,30.0,44.0,49.0,42.0,31.0,11.0,-1.0,-3.0,-4.0,0.0,21.0,31.0,41.0,50.0,56.0,51.0,42.0,38.0,38.0,46.0,51.0,68.0,84.0,97.0,104.0,108.0,98.0
728,0.0,-10.0,-15.0,-9.0,30.0,52.0,59.0,73.0,67.0,29.0,12.0,-2.0,-15.0,-31.0,-25.0,-16.0,-7.0,-12.0,6.0,8.0,8.0,5.0,17.0,11.0,6.0,-3.0,-4.0,-21.0,-29.0,,
729,0.0,-19.0,-31.0,-50.0,-37.0,-13.0,15.0,20.0,32.0,18.0,10.0,-9.0,-8.0,-37.0,-38.0,-44.0,-39.0,-47.0,-16.0,-13.0,-6.0,-7.0,-7.0,-26.0,-42.0,-68.0,-60.0,-67.0,,,
752,0.0,-10.0,-5.0,-14.0,-12.0,-6.0,-6.0,-6.0,-1.0,4.0,8.0,8.0,10.0,13.0,22.0,28.0,36.0,43.0,39.0,43.0,40.0,37.0,36.0,33.0,25.0,32.0,33.0,37.0,52.0,54.0,50.0
753,0.0,-11.0,-3.0,-13.0,-11.0,-1.0,2.0,2.0,8.0,14.0,11.0,9.0,10.0,17.0,26.0,35.0,47.0,55.0,59.0,63.0,62.0,60.0,63.0,68.0,69.0,84.0,89.0,92.0,96.0,86.0,65.0
754,0.0,-3.0,2.0,6.0,20.0,32.0,28.0,27.0,23.0,21.0,22.0,22.0,26.0,32.0,38.0,37.0,58.0,65.0,72.0,76.0,83.0,82.0,90.0,88.0,85.0,88.0,90.0,85.0,87.0,92.0,95.0
755,0.0,-1.0,-3.0,5.0,11.0,11.0,6.0,5.0,-5.0,-7.0,-12.0,-10.0,-8.0,-7.0,-10.0,-2.0,-4.0,11.0,20.0,11.0,4.0,13.0,-4.0,-3.0,14.0,17.0,23.0,27.0,23.0,27.0,39.0
756,0.0,-22.0,-29.0,-26.0,-31.0,-43.0,-34.0,-13.0,-17.0,-19.0,-6.0,7.0,6.0,-8.0,-5.0,-16.0,-33.0,-39.0,-19.0,-12.0,-3.0,17.0,24.0,25.0,16.0,9.0,-2.0,-3.0,-4.0,10.0,21.0
757,0.0,-5.0,-2.0,-11.0,-33.0,-43.0,-48.0,-56.0,-68.0,-64.0,-52.0,-64.0,-63.0,-65.0,-76.0,-85.0,-81.0,-91.0,-95.0,-86.0,-80.0,-83.0,-89.0,-98.0,-107.0,-113.0,-115.0,-122.0,-129.0,-113.0,-107.0
758,0.0,12.0,-4.0,-13.0,12.0,28.0,35.0,59.0,52.0,36.0,29.0,17.0,7.0,4.0,5.0,1.0,10.0,17.0,36.0,36.0,43.0,48.0,53.0,41.0,37.0,19.0,21.0,10.0,14.0,11.0,38.0
759,0.0,4.0,-10.0,-17.0,-21.0,-30.0,-30.0,-26.0,-22.0,-8.0,-6.0,-12.0,-12.0,-5.0,-16.0,-16.0,-4.0,-3.0,-2.0,3.0,10.0,8.0,18.0,18.0,16.0,22.0,23.0,27.0,29.0,47.0,57.0
760,0.0,0.0,3.0,5.0,-8.0,-16.0,-26.0,-33.0,-40.0,-31.0,-22.0,-8.0,0.0,14.0,25.0,31.0,33.0,43.0,42.0,43.0,46.0,45.0,37.0,37.0,40.0,62.0,71.0,79.0,96.0,101.0,
761,0.0,1.0,8.0,10.0,-5.0,-14.0,-23.0,-36.0,-42.0,-30.0,-21.0,-7.0,6.0,18.0,24.0,34.0,39.0,44.0,39.0,37.0,29.0,18.0,9.0,10.0,17.0,36.0,37.0,37.0,53.0,55.0,
762,0.0,-14.0,-3.0,-30.0,-58.0,-63.0,-87.0,-108.0,-113.0,-126.0,-117.0,-107.0,-101.0,-85.0,-77.0,-90.0,-72.0,-57.0,-64.0,-59.0,-47.0,-67.0,-74.0,-75.0,-81.0,-81.0,-67.0,-57.0,,,
764,0.0,-27.0,-45.0,-72.0,-80.0,-82.0,-78.0,-87.0,-77.0,-72.0,-43.0,-33.0,-10.0,-1.0,-25.0,-122.0,-125.0,-82.0,-58.0,-45.0,-21.0,26.0,33.0,10.0,22.0,10.0,-20.0,-32.0,-19.0,-19.0,1.0
786,0.0,16.0,22.0,10.0,7.0,5.0,4.0,6.0,20.0,30.0,34.0,52.0,58.0,72.0,70.0,88.0,75.0,65.0,56.0,63.0,68.0,77.0,80.0,80.0,92.0,94.0,106.0,123.0,125.0,120.0,111.0
787,0.0,0.0,-19.0,-25.0,-33.0,-50.0,-50.0,-44.0,,,,-32.0,-54.0,-45.0,-20.0,-20.0,-18.0,-10.0,-11.0,-28.0,-33.0,-35.0,-35.0,-25.0,-19.0,-15.0,-10.0,-5.0,13.0,33.0,55.0
808,0.0,-4.0,6.0,2.0,8.0,31.0,44.0,42.0,46.0,56.0,57.0,53.0,51.0,63.0,79.0,91.0,110.0,126.0,136.0,151.0,151.0,143.0,146.0,146.0,135.0,147.0,172.0,190.0,205.0,207.0,210.0
809,0.0,-4.0,2.0,4.0,26.0,35.0,40.0,54.0,61.0,62.0,70.0,68.0,64.0,77.0,83.0,80.0,83.0,93.0,97.0,102.0,101.0,111.0,102.0,88.0,71.0,86.0,88.0,104.0,112.0,125.0,125.0
810,0.0,-4.0,5.0,6.0,20.0,29.0,40.0,47.0,56.0,59.0,60.0,61.0,61.0,69.0,77.0,86.0,95.0,103.0,103.0,103.0,100.0,102.0,104.0,104.0,102.0,115.0,116.0,129.0,,,
811,0.0,-9.0,-6.0,-16.0,-6.0,2.0,8.0,14.0,21.0,27.0,29.0,29.0,33.0,45.0,55.0,63.0,76.0,84.0,87.0,92.0,87.0,88.0,89.0,87.0,85.0,100.0,106.0,119.0,135.0,139.0,136.0
812,0.0,-3.0,4.0,9.0,35.0,50.0,63.0,82.0,90.0,95.0,100.0,90.0,82.0,93.0,95.0,94.0,100.0,108.0,111.0,116.0,116.0,127.0,122.0,111.0,99.0,115.0,120.0,141.0,155.0,169.0,173.0
813,0.0,-7.0,-6.0,-13.0,-15.0,-12.0,-10.0,-11.0,-7.0,-5.0,-4.0,-10.0,-10.0,-19.0,-23.0,-30.0,-36.0,-41.0,-41.0,-36.0,-33.0,-31.0,-30.0,-31.0,-36.0,-34.0,-37.0,-42.0,-43.0,-56.0,-76.0
814,0.0,-4.0,0.0,1.0,16.0,26.0,32.0,45.0,51.0,55.0,59.0,58.0,56.0,67.0,72.0,77.0,88.0,99.0,102.0,102.0,99.0,99.0,92.0,87.0,85.0,98.0,101.0,117.0,122.0,129.0,130.0
815,0.0,-4.0,1.0,0.0,12.0,14.0,16.0,26.0,33.0,36.0,49.0,51.0,50.0,63.0,71.0,72.0,80.0,93.0,101.0,105.0,101.0,108.0,103.0,98.0,92.0,109.0,108.0,119.0,118.0,125.0,127.0
816,0.0,-8.0,-6.0,-8.0,11.0,16.0,19.0,31.0,38.0,36.0,44.0,38.0,27.0,32.0,31.0,20.0,18.0,25.0,28.0,29.0,26.0,34.0,23.0,9.0,-6.0,10.0,10.0,27.0,32.0,42.0,39.0
817,0.0,-6.0,0.0,4.0,17.0,23.0,27.0,37.0,44.0,47.0,57.0,55.0,49.0,61.0,67.0,63.0,66.0,77.0,81.0,85.0,87.0,98.0,91.0,78.0,66.0,81.0,84.0,102.0,111.0,122.0,121.0
819,0.0,-13.0,-25.0,-31.0,-39.0,-48.0,-44.0,-45.0,-42.0,-31.0,-37.0,-44.0,-38.0,-46.0,-58.0,-52.0,-42.0,-29.0,-6.0,-5.0,9.0,9.0,1.0,-12.0,-2.0,-20.0,-24.0,-16.0,1.0,16.0,34.0
820,0.0,0.0,3.0,-1.0,8.0,2.0,2.0,13.0,14.0,-2.0,11.0,15.0,41.0,56.0,84.0,92.0,87.0,49.0,59.0,66.0,64.0,55.0,67.0,55.0,44.0,43.0,45.0,40.0,49.0,54.0,56.0
822,0.0,-16.0,-12.0,-11.0,-19.0,-11.0,5.0,8.0,-2.0,-10.0,-17.0,-22.0,-30.0,-23.0,-10.0,-2.0,10.0,21.0,25.0,19.0,21.0,14.0,18.0,22.0,29.0,38.0,57.0,65.0,78.0,81.0,82.0
823,0.0,-39.0,-46.0,-33.0,-40.0,-51.0,-40.0,-26.0,-33.0,-28.0,-8.0,3.0,5.0,-4.0,-7.0,-24.0,-35.0,-43.0,-24.0,-8.0,5.0,19.0,26.0,21.0,4.0,1.0,-10.0,-13.0,-17.0,-6.0,-2.0
824,0.0,1.0,10.0,-4.0,-29.0,-39.0,-38.0,-43.0,-38.0,-21.0,-1.0,9.0,29.0,36.0,43.0,48.0,44.0,33.0,38.0,43.0,46.0,46.0,50.0,46.0,46.0,47.0,60.0,64.0,78.0,98.0,111.0
825,0.0,-7.0,-12.0,-1.0,13.0,34.0,55.0,67.0,58.0,53.0,50.0,35.0,31.0,45.0,56.0,56.0,64.0,64.0,61.0,50.0,54.0,49.0,48.0,51.0,58.0,77.0,97.0,112.0,126.0,136.0,129.0
826,0.0,3.0,6.0,9.0,13.0,10.0,2.0,3.0,3.0,-1.0,0.0,6.0,6.0,4.0,13.0,21.0,22.0,45.0,43.0,36.0,41.0,52.0,52.0,61.0,76.0,81.0,86.0,89.0,92.0,95.0,95.0
827,0.0,17.0,31.0,34.0,28.0,33.0,31.0,30.0,46.0,63.0,90.0,103.0,108.0,65.0,56.0,16.0,-25.0,-62.0,-74.0,-56.0,-23.0,25.0,74.0,135.0,129.0,126.0,124.0,118.0,104.0,110.0,97.0
828,0.0,19.0,27.0,20.0,22.0,36.0,51.0,66.0,80.0,90.0,94.0,79.0,76.0,89.0,96.0,90.0,99.0,114.0,112.0,116.0,128.0,124.0,126.0,133.0,133.0,134.0,133.0,,,,
829,0.0,-8.0,-6.0,-32.0,-49.0,-39.0,-43.0,-35.0,-25.0,-15.0,-14.0,-13.0,-15.0,-10.0,-14.0,-17.0,-16.0,-29.0,-30.0,-24.0,-11.0,-2.0,2.0,-11.0,-20.0,-19.0,-28.0,-24.0,-28.0,-9.0,-1.0
830,0.0,2.0,-6.0,-7.0,2.0,10.0,-3.0,-5.0,-10.0,-15.0,-28.0,-25.0,-24.0,-17.0,-10.0,-15.0,-36.0,-43.0,-27.0,-27.0,-14.0,23.0,30.0,23.0,26.0,23.0,47.0,39.0,37.0,40.0,54.0
832,0.0,16.0,12.0,-23.0,-29.0,-33.0,-44.0,-45.0,-21.0,-26.0,-27.0,-35.0,-34.0,-25.0,-14.0,-19.0,-17.0,-24.0,-51.0,-68.0,-61.0,-44.0,-31.0,-27.0,-18.0,-17.0,-24.0,-29.0,-23.0,-22.0,-13.0
834,0.0,-8.0,5.0,19.0,25.0,16.0,22.0,11.0,-19.0,-38.0,-30.0,-13.0,-16.0,2.0,34.0,53.0,48.0,53.0,53.0,28.0,7.0,-5.0,6.0,24.0,33.0,37.0,74.0,94.0,102.0,106.0,103.0
835,0.0,21.0,-8.0,0.0,18.0,9.0,-24.0,-10.0,-5.0,-48.0,-37.0,-6.0,-34.0,-38.0,5.0,27.0,40.0,65.0,88.0,73.0,50.0,34.0,39.0,36.0,66.0,88.0,119.0,133.0,128.0,103.0,70.0
836,0.0,3.0,6.0,7.0,2.0,1.0,0.0,7.0,9.0,14.0,20.0,20.0,-3.0,-3.0,,,47.0,40.0,39.0,42.0,41.0,46.0,52.0,55.0,58.0,66.0,67.0,69.0,73.0,74.0,74.0
837,0.0,-3.0,-3.0,12.0,30.0,39.0,38.0,50.0,37.0,24.0,13.0,17.0,7.0,22.0,33.0,45.0,61.0,72.0,67.0,61.0,55.0,42.0,44.0,51.0,56.0,58.0,67.0,70.0,83.0,90.0,96.0
841,0.0,-5.0,-8.0,-14.0,-43.0,-71.0,-68.0,-62.0,-51.0,-46.0,-37.0,-31.0,-23.0,-20.0,-18.0,-14.0,-7.0,-7.0,2.0,-3.0,-10.0,-17.0,-23.0,-27.0,-17.0,-10.0,-10.0,10.0,22.0,,
910,0.0,4.0,10.0,3.0,0.0,-4.0,-20.0,-38.0,-49.0,-70.0,-89.0,-83.0,-84.0,-65.0,-50.0,-33.0,-13.0,-10.0,-6.0,-3.0,7.0,6.0,26.0,48.0,74.0,81.0,101.0,109.0,115.0,117.0,114.0
913,0.0,10.0,22.0,31.0,43.0,54.0,52.0,47.0,46.0,44.0,37.0,51.0,53.0,59.0,66.0,65.0,61.0,57.0,52.0,41.0,43.0,38.0,41.0,36.0,35.0,30.0,29.0,42.0,48.0,53.0,
917,0.0,-7.0,8.0,10.0,36.0,44.0,74.0,95.0,99.0,118.0,134.0,132.0,109.0,102.0,72.0,49.0,61.0,73.0,117.0,132.0,159.0,159.0,180.0,141.0,143.0,122.0,108.0,80.0,79.0,,
933,0.0,-1.0,0.0,9.0,18.0,19.0,15.0,23.0,19.0,20.0,23.0,30.0,36.0,42.0,52.0,65.0,80.0,79.0,86.0,72.0,60.0,49.0,44.0,47.0,56.0,60.0,62.0,87.0,91.0,93.0,95.0
934,0.0,-4.0,-3.0,-5.0,6.0,13.0,25.0,30.0,30.0,25.0,14.0,5.0,1.0,7.0,8.0,19.0,31.0,35.0,32.0,35.0,35.0,31.0,34.0,36.0,38.0,48.0,53.0,72.0,81.0,101.0,106.0
936,0.0,-5.0,-11.0,-10.0,-8.0,10.0,-4.0,-12.0,-23.0,-29.0,-34.0,-33.0,-25.0,-20.0,-21.0,-31.0,-4.0,,,,,,19.0,58.0,53.0,26.0,39.0,45.0,32.0,40.0,52.0
953,0.0,51.0,114.0,131.0,133.0,155.0,160.0,161.0,150.0,153.0,150.0,141.0,137.0,151.0,159.0,164.0,172.0,178.0,170.0,159.0,149.0,148.0,156.0,156.0,169.0,195.0,207.0,212.0,222.0,220.0,193.0
954,0.0,10.0,23.0,17.0,22.0,27.0,29.0,46.0,55.0,62.0,54.0,51.0,40.0,37.0,31.0,37.0,39.0,57.0,79.0,99.0,116.0,137.0,136.0,124.0,117.0,127.0,128.0,139.0,154.0,160.0,156.0
955,0.0,9.0,18.0,24.0,33.0,37.0,46.0,53.0,54.0,52.0,52.0,43.0,41.0,50.0,58.0,65.0,72.0,77.0,75.0,72.0,70.0,72.0,72.0,71.0,77.0,88.0,93.0,101.0,100.0,102.0,101.0
956,0.0,1.0,-14.0,-7.0,5.0,13.0,27.0,48.0,48.0,59.0,61.0,55.0,75.0,99.0,96.0,90.0,98.0,88.0,77.0,82.0,78.0,81.0,87.0,84.0,86.0,96.0,96.0,100.0,110.0,113.0,116.0
979,0.0,4.0,15.0,28.0,35.0,43.0,51.0,52.0,37.0,34.0,24.0,17.0,10.0,9.0,18.0,43.0,72.0,77.0,95.0,99.0,99.0,92.0,92.0,94.0,100.0,106.0,107.0,122.0,127.0,142.0,153.0
982,0.0,-18.0,0.0,18.0,48.0,62.0,73.0,66.0,56.0,46.0,46.0,51.0,58.0,58.0,55.0,58.0,57.0,56.0,55.0,53.0,39.0,41.0,37.0,40.0,49.0,60.0,57.0,63.0,66.0,73.0,71.0
984,0.0,-5.0,-5.0,-32.0,-49.0,-39.0,-51.0,-50.0,-48.0,-41.0,-34.0,-27.0,-18.0,-8.0,-7.0,-17.0,-21.0,-46.0,-50.0,-50.0,-36.0,-28.0,-20.0,-29.0,-34.0,-29.0,-29.0,-24.0,-34.0,-21.0,-25.0
985,0.0,17.0,44.0,52.0,74.0,91.0,90.0,63.0,58.0,62.0,71.0,97.0,127.0,138.0,117.0,103.0,87.0,78.0,75.0,96.0,101.0,122.0,125.0,111.0,114.0,130.0,124.0,118.0,136.0,139.0,125.0
996,0.0,-8.0,-9.0,14.0,29.0,23.0,25.0,22.0,5.0,-29.0,-47.0,-48.0,-51.0,-28.0,-3.0,17.0,30.0,50.0,53.0,43.0,34.0,12.0,-7.0,-21.0,-26.0,-36.0,-30.0,-20.0,-11.0,-2.0,10.0
997,0.0,0.0,4.0,3.0,6.0,4.0,5.0,6.0,-1.0,-18.0,-18.0,-25.0,-32.0,-25.0,-10.0,-16.0,-11.0,-4.0,0.0,0.0,7.0,26.0,42.0,40.0,45.0,52.0,35.0,26.0,25.0,28.0,34.0
999,0.0,-17.0,-17.0,-36.0,-66.0,-67.0,-67.0,-67.0,-61.0,-49.0,-43.0,-26.0,-9.0,3.0,11.0,10.0,-9.0,-30.0,-55.0,-57.0,-54.0,-41.0,-40.0,-21.0,5.0,18.0,25.0,33.0,26.0,8.0,-14.0
1001,0.0,6.0,1.0,-20.0,-27.0,-35.0,-31.0,-26.0,-9.0,8.0,12.0,6.0,4.0,13.0,1.0,0.0,12.0,12.0,14.0,20.0,28.0,26.0,34.0,32.0,30.0,36.0,35.0,44.0,44.0,61.0,74.0
1003,0.0,-22.0,-23.0,-54.0,-22.0,-14.0,-11.0,26.0,57.0,39.0,39.0,10.0,-36.0,-73.0,-100.0,-142.0,-165.0,-190.0,-200.0,-220.0,-225.0,-221.0,-207.0,-215.0,-204.0,-192.0,-196.0,-196.0,-186.0,,
1026,0.0,-9.0,-7.0,-19.0,-18.0,-7.0,-7.0,-15.0,-21.0,-25.0,-40.0,-55.0,-72.0,-68.0,-64.0,-59.0,-46.0,-41.0,-42.0,-32.0,-41.0,-59.0,-62.0,-69.0,-92.0,-91.0,-81.0,-78.0,-76.0,-83.0,-84.0
1027,0.0,-7.0,0.0,-4.0,-2.0,4.0,5.0,1.0,4.0,7.0,8.0,3.0,2.0,-3.0,-1.0,-1.0,-1.0,3.0,5.0,12.0,14.0,17.0,15.0,15.0,8.0,12.0,15.0,16.0,27.0,25.0,18.0
1028,0.0,-4.0,11.0,13.0,33.0,37.0,42.0,44.0,52.0,57.0,70.0,69.0,75.0,90.0,101.0,107.0,121.0,130.0,134.0,134.0,136.0,143.0,137.0,129.0,126.0,141.0,145.0,162.0,172.0,181.0,181.0
1032,0.0,0.0,-14.0,-47.0,-47.0,-51.0,-66.0,-70.0,-47.0,-29.0,-9.0,0.0,0.0,-22.0,-52.0,-81.0,-96.0,-92.0,-84.0,-89.0,-90.0,-86.0,-90.0,-95.0,-69.0,-48.0,-32.0,-20.0,4.0,-5.0,-4.0
1036,0.0,-15.0,-37.0,-29.0,-8.0,26.0,17.0,25.0,4.0,2.0,-20.0,-26.0,-30.0,-14.0,-6.0,1.0,37.0,60.0,62.0,63.0,56.0,59.0,61.0,66.0,54.0,42.0,39.0,22.0,-6.0,-10.0,10.0
1037,0.0,-10.0,-13.0,-14.0,4.0,20.0,20.0,21.0,5.0,6.0,-1.0,-15.0,-14.0,0.0,1.0,1.0,31.0,41.0,36.0,39.0,42.0,44.0,57.0,67.0,63.0,58.0,60.0,50.0,39.0,42.0,59.0
1060,0.0,4.0,56.0,50.0,55.0,78.0,55.0,12.0,1.0,10.0,-24.0,-24.0,-64.0,-83.0,-112.0,-85.0,16.0,180.0,323.0,476.0,555.0,543.0,496.0,448.0,370.0,364.0,399.0,411.0,406.0,412.0,372.0
1062,0.0,-12.0,-9.0,-9.0,3.0,9.0,11.0,16.0,18.0,18.0,15.0,3.0,-7.0,-3.0,-3.0,0.0,15.0,30.0,44.0,51.0,52.0,55.0,48.0,32.0,23.0,32.0,33.0,43.0,47.0,51.0,47.0
1065,0.0,2.0,-8.0,-15.0,-13.0,-15.0,-9.0,32.0,27.0,23.0,13.0,18.0,-16.0,-2.0,14.0,42.0,49.0,58.0,73.0,64.0,50.0,35.0,30.0,22.0,28.0,27.0,33.0,43.0,55.0,68.0,87.0
1066,0.0,-4.0,2.0,-2.0,6.0,11.0,19.0,24.0,27.0,32.0,33.0,33.0,37.0,50.0,55.0,67.0,82.0,95.0,103.0,120.0,119.0,128.0,133.0,139.0,140.0,154.0,151.0,156.0,154.0,150.0,150.0
1067,0.0,-2.0,20.0,27.0,9.0,16.0,20.0,18.0,18.0,30.0,35.0,19.0,10.0,3.0,-6.0,-17.0,-4.0,-16.0,-16.0,-16.0,-9.0,-18.0,-23.0,-35.0,-47.0,-51.0,-49.0,-49.0,-65.0,-50.0,-46.0
1068,0.0,10.0,21.0,3.0,-9.0,-14.0,-11.0,-9.0,5.0,12.0,21.0,31.0,37.0,48.0,56.0,58.0,50.0,42.0,31.0,31.0,45.0,54.0,52.0,52.0,59.0,69.0,76.0,97.0,106.0,109.0,97.0
1069,0.0,-15.0,-19.0,5.0,22.0,40.0,44.0,56.0,39.0,24.0,14.0,28.0,18.0,23.0,31.0,48.0,41.0,60.0,61.0,55.0,46.0,30.0,32.0,44.0,58.0,57.0,82.0,91.0,103.0,99.0,88.0
1070,0.0,-19.0,-6.0,-15.0,-47.0,-56.0,-70.0,-89.0,-116.0,-113.0,-112.0,-136.0,-147.0,-149.0,-162.0,-177.0,-167.0,-185.0,-193.0,-198.0,-197.0,-204.0,-218.0,-236.0,-257.0,-272.0,-291.0,-292.0,-309.0,-293.0,-292.0
1071,0.0,-7.0,-4.0,-30.0,-46.0,-38.0,-44.0,-39.0,-31.0,-24.0,-15.0,-4.0,2.0,6.0,2.0,-11.0,-28.0,-52.0,-55.0,-53.0,-38.0,-28.0,-22.0,-31.0,-36.0,-31.0,-35.0,-29.0,-40.0,-27.0,-31.0
1089,0.0,-4.0,7.0,2.0,4.0,23.0,28.0,19.0,13.0,18.0,9.0,-2.0,-10.0,3.0,15.0,28.0,47.0,54.0,52.0,56.0,38.0,14.0,7.0,-2.0,-22.0,-18.0,-2.0,8.0,20.0,17.0,18.0
1090,0.0,-3.0,7.0,8.0,13.0,24.0,26.0,24.0,19.0,19.0,14.0,8.0,-2.0,6.0,15.0,27.0,47.0,57.0,60.0,72.0,68.0,54.0,63.0,68.0,61.0,68.0,85.0,95.0,105.0,104.0,111.0
1091,0.0,-5.0,4.0,4.0,5.0,23.0,24.0,10.0,-9.0,-14.0,-25.0,-38.0,-50.0,-48.0,-44.0,-41.0,-29.0,-23.0,-18.0,-15.0,-21.0,-37.0,-34.0,-38.0,-47.0,-46.0,-29.0,-19.0,-11.0,-17.0,-23.0
1093,0.0,-6.0,2.0,-5.0,2.0,12.0,18.0,23.0,33.0,43.0,50.0,54.0,63.0,72.0,83.0,91.0,102.0,109.0,114.0,121.0,120.0,119.0,121.0,119.0,115.0,126.0,127.0,130.0,139.0,136.0,122.0
1094,0.0,-1.0,8.0,4.0,15.0,21.0,26.0,28.0,31.0,31.0,30.0,26.0,25.0,36.0,46.0,53.0,64.0,73.0,74.0,76.0,75.0,76.0,78.0,77.0,75.0,88.0,90.0,100.0,112.0,117.0,114.0
1095,0.0,-8.0,0.0,-3.0,5.0,14.0,22.0,22.0,24.0,25.0,21.0,16.0,14.0,22.0,30.0,37.0,47.0,58.0,60.0,66.0,63.0,61.0,60.0,61.0,56.0,66.0,72.0,82.0,97.0,102.0,103.0
1096,0.0,0.0,4.0,6.0,9.0,16.0,29.0,30.0,25.0,24.0,22.0,17.0,18.0,32.0,45.0,59.0,70.0,75.0,78.0,74.0,69.0,65.0,68.0,65.0,66.0,76.0,72.0,82.0,89.0,91.0,89.0
1097,0.0,0.0,6.0,11.0,26.0,25.0,30.0,44.0,48.0,48.0,52.0,44.0,37.0,49.0,50.0,52.0,67.0,79.0,83.0,85.0,85.0,88.0,82.0,76.0,75.0,91.0,96.0,114.0,121.0,129.0,127.0
1098,0.0,-7.0,1.0,2.0,23.0,35.0,43.0,56.0,65.0,70.0,80.0,95.0,92.0,105.0,109.0,103.0,91.0,107.0,115.0,119.0,124.0,138.0,130.0,118.0,110.0,120.0,116.0,125.0,125.0,132.0,134.0
1099,0.0,-10.0,-4.0,-4.0,19.0,27.0,35.0,52.0,68.0,75.0,94.0,101.0,103.0,117.0,128.0,124.0,124.0,134.0,138.0,141.0,141.0,152.0,148.0,140.0,130.0,150.0,157.0,174.0,181.0,191.0,188.0
1100,0.0,-7.0,0.0,3.0,14.0,19.0,27.0,31.0,32.0,31.0,29.0,26.0,23.0,34.0,43.0,51.0,61.0,68.0,67.0,65.0,59.0,61.0,63.0,64.0,65.0,81.0,83.0,97.0,105.0,114.0,112.0
1101,0.0,-7.0,-4.0,-12.0,6.0,10.0,20.0,23.0,32.0,26.0,28.0,24.0,26.0,38.0,47.0,54.0,62.0,68.0,67.0,68.0,57.0,57.0,55.0,51.0,47.0,63.0,64.0,74.0,82.0,85.0,84.0
1102,0.0,-4.0,5.0,7.0,21.0,27.0,35.0,39.0,45.0,44.0,46.0,46.0,51.0,64.0,78.0,90.0,102.0,106.0,102.0,98.0,92.0,92.0,90.0,85.0,81.0,95.0,96.0,111.0,121.0,124.0,117.0
1103,0.0,-3.0,7.0,9.0,15.0,23.0,29.0,26.0,33.0,39.0,42.0,35.0,37.0,35.0,42.0,46.0,54.0,64.0,70.0,77.0,79.0,82.0,80.0,80.0,73.0,79.0,85.0,87.0,98.0,100.0,95.0
1104,0.0,-1.0,3.0,-3.0,-15.0,-22.0,-25.0,-28.0,-22.0,-9.0,12.0,20.0,36.0,41.0,44.0,44.0,42.0,39.0,39.0,44.0,46.0,46.0,42.0,41.0,35.0,35.0,41.0,42.0,53.0,59.0,58.0
1105,0.0,10.0,19.0,25.0,27.0,41.0,47.0,49.0,46.0,52.0,55.0,58.0,61.0,73.0,84.0,97.0,107.0,111.0,111.0,103.0,103.0,99.0,109.0,118.0,125.0,128.0,127.0,130.0,127.0,125.0,125.0
1106,0.0,16.0,10.0,-10.0,-20.0,-28.0,-29.0,-29.0,-23.0,-15.0,14.0,17.0,4.0,15.0,28.0,3.0,-2.0,18.0,21.0,19.0,32.0,41.0,38.0,36.0,42.0,36.0,38.0,55.0,67.0,74.0,88.0
1107,0.0,12.0,27.0,36.0,32.0,31.0,34.0,34.0,31.0,41.0,56.0,55.0,60.0,61.0,71.0,63.0,63.0,63.0,67.0,61.0,68.0,75.0,79.0,80.0,88.0,86.0,88.0,101.0,109.0,117.0,134.0
1108,0.0,5.0,12.0,13.0,18.0,25.0,24.0,29.0,32.0,32.0,32.0,31.0,28.0,32.0,35.0,40.0,42.0,45.0,44.0,49.0,52.0,59.0,64.0,67.0,65.0,68.0,66.0,68.0,72.0,76.0,76.0
1109,0.0,-11.0,-30.0,-34.0,-18.0,-3.0,-2.0,1.0,-7.0,-16.0,-38.0,-43.0,-36.0,-22.0,-14.0,2.0,14.0,23.0,29.0,30.0,25.0,33.0,26.0,20.0,20.0,7.0,10.0,7.0,3.0,6.0,28.0
1111,0.0,6.0,19.0,9.0,-2.0,-8.0,-4.0,-4.0,4.0,8.0,17.0,24.0,31.0,40.0,49.0,54.0,50.0,43.0,36.0,37.0,48.0,56.0,60.0,67.0,81.0,96.0,106.0,120.0,129.0,129.0,113.0
1112,0.0,-17.0,-26.0,-27.0,-4.0,20.0,19.0,22.0,30.0,47.0,57.0,69.0,72.0,63.0,36.0,17.0,8.0,9.0,15.0,16.0,13.0,27.0,24.0,24.0,32.0,30.0,34.0,31.0,32.0,37.0,54.0
1113,0.0,0.0,-18.0,-23.0,-3.0,15.0,4.0,8.0,-4.0,-18.0,-35.0,-50.0,-55.0,-47.0,-42.0,-34.0,-17.0,-14.0,-21.0,-23.0,-31.0,-29.0,-19.0,-11.0,-22.0,-39.0,-33.0,-41.0,-55.0,-50.0,-28.0
1115,0.0,4.0,18.0,18.0,-10.0,-22.0,-52.0,-62.0,-74.0,-82.0,-78.0,-52.0,-47.0,-23.0,15.0,41.0,45.0,48.0,39.0,8.0,-20.0,-32.0,-21.0,8.0,25.0,43.0,79.0,103.0,105.0,103.0,91.0
1116,0.0,-2.0,-19.0,-14.0,-10.0,-24.0,-31.0,-32.0,-49.0,-71.0,-54.0,-37.0,-27.0,-4.0,38.0,76.0,99.0,99.0,94.0,81.0,53.0,32.0,49.0,76.0,85.0,99.0,133.0,145.0,148.0,144.0,117.0
1146,0.0,-14.0,-7.0,-7.0,3.0,25.0,33.0,25.0,19.0,17.0,6.0,-8.0,-20.0,-16.0,-14.0,-7.0,9.0,15.0,12.0,21.0,10.0,-9.0,-7.0,-9.0,-25.0,-23.0,-10.0,-6.0,0.0,-5.0,-2.0
1147,0.0,-6.0,-2.0,-5.0,4.0,9.0,14.0,16.0,19.0,19.0,17.0,14.0,14.0,26.0,36.0,47.0,60.0,68.0,66.0,64.0,59.0,59.0,61.0,60.0,62.0,76.0,77.0,90.0,100.0,105.0,101.0
1148,0.0,-7.0,-1.0,-7.0,-2.0,1.0,5.0,9.0,12.0,16.0,17.0,15.0,14.0,22.0,31.0,35.0,43.0,49.0,50.0,50.0,49.0,48.0,49.0,50.0,48.0,61.0,68.0,80.0,96.0,104.0,104.0
1149,0.0,-6.0,-1.0,-9.0,-10.0,-1.0,9.0,14.0,25.0,39.0,49.0,47.0,56.0,60.0,65.0,67.0,67.0,64.0,65.0,72.0,76.0,83.0,94.0,96.0,99.0,104.0,105.0,102.0,111.0,104.0,96.0
1150,0.0,-11.0,-9.0,-9.0,8.0,12.0,15.0,26.0,30.0,33.0,45.0,47.0,40.0,53.0,56.0,46.0,44.0,52.0,54.0,55.0,51.0,62.0,55.0,44.0,34.0,52.0,53.0,70.0,76.0,87.0,84.0
1151,0.0,-5.0,-7.0,-3.0,1.0,13.0,29.0,36.0,32.0,27.0,20.0,16.0,22.0,34.0,48.0,55.0,67.0,61.0,51.0,56.0,62.0,60.0,69.0,74.0,77.0,78.0,71.0,78.0,74.0,69.0,68.0
1152,0.0,-12.0,-28.0,-60.0,-72.0,-58.0,-60.0,-51.0,-40.0,-29.0,-21.0,-19.0,-17.0,-7.0,-9.0,-22.0,-31.0,-47.0,-53.0,-51.0,-40.0,-24.0,-24.0,-35.0,-41.0,-36.0,-41.0,-29.0,-33.0,-17.0,-13.0
1153,0.0,9.0,22.0,3.0,-4.0,-10.0,-5.0,-3.0,15.0,20.0,34.0,50.0,59.0,70.0,84.0,87.0,80.0,72.0,64.0,66.0,82.0,94.0,99.0,105.0,121.0,130.0,138.0,155.0,160.0,157.0,144.0
1154,0.0,-8.0,-10.0,-3.0,7.0,12.0,25.0,38.0,30.0,20.0,18.0,14.0,6.0,17.0,25.0,29.0,32.0,33.0,30.0,22.0,20.0,12.0,16.0,14.0,19.0,39.0,58.0,65.0,84.0,107.0,109.0
1155,0.0,7.0,22.0,22.0,33.0,39.0,47.0,55.0,60.0,60.0,57.0,51.0,47.0,57.0,65.0,74.0,82.0,83.0,78.0,65.0,54.0,51.0,53.0,50.0,57.0,67.0,41.0,45.0,46.0,50.0,53.0
1156,0.0,5.0,0.0,-17.0,-24.0,-19.0,-19.0,-13.0,-4.0,8.0,14.0,3.0,8.0,13.0,11.0,-2.0,48.0,45.0,58.0,52.0,52.0,37.0,31.0,20.0,34.0,39.0,47.0,68.0,83.0,80.0,90.0
1157,0.0,13.0,-6.0,4.0,32.0,42.0,1.0,8.0,-20.0,-58.0,-77.0,-33.0,-42.0,-19.0,17.0,46.0,52.0,64.0,59.0,37.0,13.0,2.0,12.0,37.0,59.0,83.0,106.0,121.0,122.0,114.0,87.0
1158,0.0,10.0,24.0,14.0,11.0,6.0,7.0,-2.0,2.0,3.0,12.0,23.0,34.0,44.0,53.0,56.0,51.0,46.0,44.0,51.0,51.0,50.0,55.0,62.0,71.0,96.0,114.0,124.0,130.0,130.0,116.0
1161,0.0,-13.0,-12.0,1.0,-3.0,8.0,6.0,6.0,-10.0,-31.0,-44.0,-32.0,-20.0,-4.0,15.0,15.0,14.0,35.0,27.0,38.0,37.0,25.0,14.0,37.0,42.0,57.0,80.0,81.0,90.0,,
1190,0.0,-14.0,-6.0,-9.0,0.0,6.0,12.0,20.0,28.0,33.0,38.0,38.0,39.0,41.0,55.0,63.0,79.0,95.0,99.0,113.0,127.0,134.0,141.0,156.0,158.0,157.0,155.0,155.0,149.0,139.0,136.0
1191,0.0,-4.0,-2.0,3.0,-1.0,9.0,23.0,33.0,29.0,34.0,38.0,28.0,26.0,29.0,43.0,54.0,73.0,75.0,73.0,69.0,65.0,57.0,61.0,64.0,70.0,74.0,83.0,89.0,92.0,86.0,81.0
1192,0.0,-5.0,-5.0,-21.0,-22.0,-21.0,-18.0,-15.0,-10.0,-6.0,-11.0,-17.0,-14.0,-27.0,-33.0,-37.0,-42.0,-103.0,-9.0,-2.0,-4.0,-4.0,21.0,9.0,9.0,17.0,22.0,21.0,35.0,42.0,43.0
1193,0.0,13.0,15.0,-1.0,-15.0,-12.0,-9.0,-9.0,2.0,20.0,23.0,14.0,14.0,25.0,21.0,15.0,16.0,17.0,17.0,15.0,31.0,34.0,33.0,22.0,35.0,32.0,36.0,56.0,74.0,72.0,80.0
1195,0.0,8.0,12.0,26.0,30.0,39.0,45.0,41.0,33.0,33.0,25.0,12.0,35.0,38.0,40.0,54.0,50.0,-47.0,-20.0,-6.0,3.0,16.0,40.0,35.0,40.0,40.0,40.0,36.0,80.0,111.0,151.0
1196,0.0,1.0,-5.0,-40.0,-51.0,-41.0,-49.0,-40.0,-20.0,-9.0,7.0,21.0,32.0,39.0,36.0,23.0,11.0,-9.0,-15.0,-8.0,2.0,18.0,15.0,5.0,1.0,8.0,1.0,21.0,15.0,31.0,38.0
1197,0.0,-6.0,2.0,4.0,26.0,41.0,34.0,34.0,26.0,11.0,13.0,14.0,16.0,23.0,22.0,6.0,12.0,17.0,15.0,24.0,36.0,39.0,49.0,53.0,52.0,71.0,75.0,71.0,,,
1209,0.0,-2.0,7.0,12.0,36.0,51.0,60.0,72.0,76.0,74.0,70.0,59.0,50.0,57.0,62.0,66.0,81.0,99.0,108.0,116.0,123.0,130.0,124.0,115.0,108.0,122.0,125.0,140.0,148.0,154.0,153.0
1210,0.0,-3.0,6.0,9.0,32.0,42.0,45.0,51.0,57.0,60.0,62.0,58.0,53.0,64.0,69.0,72.0,83.0,94.0,97.0,100.0,104.0,115.0,115.0,112.0,106.0,120.0,124.0,139.0,149.0,158.0,161.0
1211,0.0,-21.0,-40.0,-63.0,-41.0,-18.0,-31.0,-24.0,-47.0,-79.0,-99.0,-134.0,-153.0,-141.0,-145.0,-152.0,-127.0,-130.0,-151.0,-150.0,-158.0,-162.0,-136.0,-123.0,-146.0,-177.0,-172.0,-194.0,-227.0,-240.0,-207.0
1212,0.0,-4.0,1.0,1.0,16.0,20.0,20.0,28.0,31.0,30.0,33.0,26.0,21.0,29.0,31.0,30.0,39.0,44.0,46.0,44.0,41.0,45.0,39.0,26.0,20.0,32.0,29.0,39.0,46.0,51.0,53.0
1213,0.0,-12.0,-6.0,-8.0,-7.0,-10.0,-5.0,-4.0,-5.0,3.0,11.0,22.0,33.0,39.0,38.0,45.0,48.0,42.0,42.0,52.0,51.0,49.0,50.0,53.0,54.0,70.0,77.0,85.0,90.0,88.0,66.0
1215,0.0,-3.0,-17.0,-18.0,-23.0,-23.0,-26.0,-17.0,-20.0,-7.0,-3.0,-1.0,6.0,11.0,11.0,21.0,32.0,43.0,46.0,48.0,37.0,53.0,46.0,55.0,65.0,70.0,59.0,,,,
1232,0.0,-5.0,6.0,8.0,6.0,-1.0,-15.0,-37.0,-47.0,-45.0,-51.0,-43.0,-31.0,-23.0,-16.0,1.0,5.0,13.0,21.0,25.0,29.0,34.0,31.0,30.0,32.0,48.0,54.0,,,,
1233,0.0,-1.0,11.0,21.0,6.0,7.0,10.0,17.0,5.0,28.0,34.0,34.0,24.0,43.0,38.0,28.0,20.0,14.0,7.0,0.0,4.0,2.0,-2.0,-10.0,-6.0,14.0,22.0,38.0,59.0,65.0,56.0
1234,0.0,-11.0,-8.0,-4.0,-28.0,-28.0,-43.0,-61.0,-93.0,-95.0,-110.0,-111.0,-116.0,-99.0,-78.0,-68.0,-59.0,-46.0,-43.0,-57.0,-62.0,-67.0,-73.0,-75.0,-72.0,-54.0,-56.0,-52.0,-44.0,-44.0,-61.0
1236,0.0,-10.0,-25.0,-36.0,-15.0,5.0,1.0,6.0,-6.0,-21.0,-36.0,-48.0,-48.0,-38.0,-34.0,-30.0,-12.0,-11.0,-15.0,-13.0,-17.0,-15.0,-5.0,5.0,-5.0,-20.0,-10.0,-15.0,-29.0,-29.0,-4.0
1237,0.0,-7.0,-5.0,-16.0,-31.0,-31.0,-36.0,-56.0,-54.0,-42.0,-49.0,-49.0,-42.0,-33.0,-32.0,-30.0,-19.0,-8.0,5.0,9.0,23.0,27.0,28.0,21.0,41.0,59.0,56.0,61.0,77.0,67.0,47.0
1238,0.0,-16.0,-12.0,-4.0,-10.0,1.0,0.0,-3.0,-2.0,-5.0,5.0,11.0,12.0,15.0,28.0,32.0,34.0,43.0,55.0,63.0,75.0,78.0,75.0,60.0,57.0,75.0,72.0,79.0,96.0,95.0,65.0
1239,0.0,-3.0,15.0,26.0,0.0,3.0,6.0,2.0,4.0,47.0,53.0,52.0,56.0,60.0,64.0,60.0,77.0,92.0,85.0,100.0,123.0,132.0,138.0,164.0,174.0,195.0,201.0,211.0,222.0,222.0,207.0
1240,0.0,-11.0,-12.0,-8.0,-8.0,-18.0,-16.0,-35.0,-55.0,-48.0,-33.0,-19.0,3.0,22.0,30.0,33.0,39.0,41.0,50.0,57.0,69.0,67.0,64.0,56.0,58.0,69.0,73.0,84.0,103.0,112.0,102.0
1241,0.0,0.0,-16.0,-16.0,11.0,31.0,28.0,36.0,15.0,-8.0,-23.0,-38.0,-44.0,-37.0,-31.0,-35.0,-20.0,-20.0,-25.0,-28.0,-24.0,-23.0,-20.0,-18.0,-24.0,-44.0,-37.0,-45.0,-50.0,-54.0,-25.0
1242,0.0,-4.0,-16.0,-50.0,-62.0,-52.0,-59.0,-52.0,-44.0,-38.0,-28.0,-23.0,-18.0,-9.0,-9.0,-25.0,-35.0,-54.0,-61.0,-59.0,-48.0,-33.0,-34.0,-49.0,-59.0,-58.0,-68.0,-57.0,-65.0,-49.0,-48.0
1244,0.0,-17.0,-33.0,-51.0,-78.0,-79.0,-79.0,-79.0,-101.0,-118.0,-122.0,-126.0,-136.0,-114.0,-83.0,-71.0,-68.0,-56.0,-65.0,-64.0,-62.0,-54.0,-52.0,-31.0,-23.0,-12.0,-9.0,-7.0,-18.0,-34.0,-65.0
1245,0.0,-8.0,-28.0,-62.0,-81.0,-54.0,-53.0,-68.0,-71.0,-64.0,-71.0,-87.0,-25.0,-12.0,17.0,9.0,6.0,-25.0,-22.0,-41.0,-24.0,-5.0,4.0,4.0,-3.0,-8.0,8.0,19.0,13.0,37.0,46.0
1246,0.0,15.0,-4.0,1.0,-19.0,-27.0,-13.0,0.0,-1.0,23.0,37.0,22.0,18.0,24.0,30.0,29.0,28.0,30.0,28.0,14.0,8.0,2.0,2.0,8.0,24.0,53.0,82.0,96.0,111.0,119.0,108.0
1247,0.0,-5.0,-2.0,-2.0,-1.0,-8.0,-9.0,-18.0,-20.0,-8.0,2.0,15.0,29.0,31.0,27.0,38.0,43.0,46.0,51.0,53.0,45.0,49.0,47.0,50.0,51.0,63.0,54.0,50.0,49.0,59.0,48.0
1248,0.0,-2.0,-8.0,1.0,8.0,13.0,9.0,23.0,20.0,9.0,20.0,32.0,21.0,25.0,42.0,46.0,58.0,68.0,69.0,60.0,50.0,31.0,35.0,32.0,57.0,80.0,104.0,123.0,127.0,118.0,106.0
1252,0.0,-13.0,-17.0,-18.0,-18.0,-33.0,-44.0,-31.0,-55.0,-93.0,-98.0,-72.0,-92.0,-57.0,-9.0,25.0,46.0,67.0,43.0,-3.0,-25.0,-34.0,-22.0,19.0,52.0,72.0,89.0,121.0,122.0,108.0,
1253,0.0,14.0,19.0,24.0,41.0,47.0,44.0,41.0,41.0,39.0,40.0,48.0,57.0,63.0,72.0,70.0,61.0,62.0,65.0,55.0,66.0,71.0,68.0,70.0,81.0,74.0,79.0,88.0,85.0,81.0,
1263,0.0,-2.0,9.0,9.0,19.0,47.0,63.0,69.0,76.0,89.0,89.0,89.0,88.0,102.0,119.0,132.0,150.0,165.0,174.0,187.0,187.0,180.0,185.0,187.0,178.0,191.0,215.0,232.0,248.0,252.0,259.0
1264,0.0,-18.0,-17.0,-29.0,-28.0,-24.0,-26.0,-28.0,-22.0,-28.0,-25.0,-27.0,-26.0,-27.0,-14.0,-13.0,-10.0,-8.0,-7.0,-5.0,-8.0,-10.0,-12.0,-18.0,-25.0,-21.0,-27.0,-32.0,-26.0,-33.0,-49.0
1265,0.0,-4.0,3.0,3.0,12.0,15.0,22.0,28.0,31.0,31.0,28.0,25.0,23.0,32.0,39.0,49.0,58.0,65.0,64.0,63.0,57.0,57.0,56.0,54.0,51.0,63.0,63.0,76.0,84.0,92.0,92.0
1266,0.0,-5.0,-4.0,-13.0,-16.0,-8.0,0.0,4.0,13.0,22.0,36.0,38.0,50.0,58.0,72.0,77.0,77.0,75.0,72.0,78.0,75.0,80.0,85.0,85.0,78.0,81.0,78.0,,,,
1269,0.0,-1.0,-9.0,-46.0,-61.0,-59.0,-56.0,-40.0,-17.0,-4.0,18.0,21.0,20.0,24.0,19.0,4.0,-8.0,-25.0,-30.0,-21.0,-12.0,3.0,-2.0,-14.0,-19.0,-14.0,-24.0,-11.0,-17.0,-2.0,2.0
1270,0.0,-6.0,2.0,19.0,14.0,16.0,25.0,38.0,31.0,17.0,21.0,29.0,29.0,29.0,62.0,68.0,70.0,70.0,59.0,46.0,37.0,15.0,17.0,29.0,36.0,50.0,72.0,85.0,92.0,,
1272,0.0,-13.0,-2.0,-1.0,-18.0,-16.0,-34.0,-66.0,-80.0,-72.0,-73.0,-55.0,-33.0,-32.0,-30.0,-25.0,-19.0,-11.0,18.0,31.0,49.0,55.0,50.0,9.0,0.0,-36.0,-49.0,-49.0,-30.0,-43.0,-31.0
1274,0.0,-2.0,-15.0,-43.0,-49.0,-53.0,-53.0,-54.0,-51.0,-46.0,-42.0,-45.0,-19.0,-16.0,-27.0,-32.0,-36.0,-63.0,-79.0,-77.0,-79.0,-77.0,-96.0,-87.0,-75.0,-73.0,-69.0,-51.0,-49.0,-45.0,
1293,0.0,-2.0,2.0,0.0,19.0,24.0,26.0,32.0,37.0,40.0,46.0,42.0,43.0,57.0,62.0,66.0,76.0,83.0,83.0,84.0,83.0,87.0,83.0,75.0,67.0,80.0,83.0,96.0,104.0,112.0,112.0
1294,0.0,-14.0,-14.0,-12.0,-9.0,-12.0,-11.0,-20.0,-20.0,-24.0,-12.0,4.0,26.0,33.0,46.0,49.0,46.0,55.0,57.0,56.0,46.0,50.0,34.0,35.0,39.0,54.0,54.0,62.0,67.0,81.0,77.0
1295,0.0,12.0,22.0,7.0,-1.0,-1.0,5.0,7.0,23.0,28.0,36.0,50.0,63.0,77.0,90.0,95.0,88.0,72.0,61.0,59.0,73.0,81.0,88.0,92.0,103.0,109.0,122.0,140.0,146.0,147.0,138.0
1297,0.0,12.0,15.0,4.0,0.0,0.0,1.0,13.0,15.0,28.0,30.0,21.0,23.0,34.0,27.0,52.0,69.0,75.0,77.0,151.0,,94.0,93.0,94.0,100.0,99.0,101.0,113.0,125.0,130.0,146.0
1299,0.0,-4.0,8.0,10.0,8.0,-1.0,6.0,9.0,8.0,12.0,23.0,29.0,42.0,50.0,58.0,57.0,58.0,53.0,54.0,55.0,67.0,69.0,76.0,79.0,91.0,107.0,123.0,125.0,140.0,137.0,121.0
1318,0.0,-2.0,2.0,-7.0,3.0,5.0,6.0,13.0,19.0,21.0,21.0,19.0,17.0,19.0,29.0,39.0,46.0,55.0,57.0,58.0,55.0,59.0,59.0,56.0,53.0,65.0,66.0,77.0,86.0,91.0,87.0
1320,0.0,-8.0,-5.0,-7.0,10.0,14.0,15.0,26.0,32.0,29.0,36.0,34.0,24.0,31.0,32.0,24.0,20.0,31.0,37.0,40.0,32.0,41.0,29.0,15.0,-5.0,12.0,9.0,18.0,14.0,21.0,16.0
1321,0.0,7.0,25.0,36.0,38.0,26.0,30.0,30.0,20.0,21.0,25.0,30.0,38.0,42.0,45.0,48.0,51.0,48.0,61.0,67.0,68.0,62.0,70.0,60.0,68.0,88.0,102.0,101.0,115.0,110.0,99.0
1322,0.0,0.0,7.0,-2.0,-12.0,-31.0,-42.0,-55.0,-49.0,-29.0,3.0,19.0,49.0,52.0,45.0,27.0,24.0,6.0,5.0,-1.0,0.0,3.0,6.0,2.0,6.0,21.0,21.0,17.0,21.0,15.0,-11.0
1323,0.0,-2.0,-16.0,-51.0,-68.0,-59.0,-67.0,-62.0,-59.0,-55.0,-55.0,-50.0,-40.0,-27.0,-28.0,-44.0,-59.0,-87.0,-97.0,-97.0,-87.0,-73.0,-66.0,-70.0,-72.0,-61.0,-61.0,-56.0,-70.0,-67.0,-79.0
1324,0.0,2.0,3.0,4.0,10.0,14.0,17.0,24.0,28.0,24.0,21.0,17.0,14.0,18.0,26.0,34.0,41.0,54.0,62.0,79.0,101.0,123.0,131.0,145.0,157.0,165.0,164.0,180.0,176.0,173.0,178.0
1325,0.0,0.0,-7.0,-38.0,-51.0,-42.0,-46.0,-37.0,-23.0,-11.0,4.0,11.0,19.0,28.0,28.0,15.0,7.0,-13.0,-20.0,-16.0,-5.0,9.0,7.0,-2.0,-6.0,2.0,-3.0,15.0,13.0,29.0,31.0
1327,0.0,-1.0,-7.0,6.0,33.0,47.0,75.0,98.0,116.0,110.0,109.0,114.0,122.0,107.0,108.0,123.0,124.0,125.0,138.0,148.0,139.0,141.0,150.0,179.0,203.0,213.0,232.0,248.0,246.0,241.0,248.0
1328,0.0,-3.0,-19.0,3.0,7.0,1.0,-7.0,-7.0,-28.0,-68.0,-76.0,-52.0,-42.0,-20.0,30.0,71.0,80.0,87.0,75.0,55.0,32.0,16.0,30.0,58.0,71.0,90.0,118.0,135.0,146.0,142.0,120.0
1329,0.0,8.0,-15.0,-22.0,-15.0,-6.0,7.0,23.0,55.0,68.0,58.0,47.0,56.0,32.0,12.0,8.0,6.0,-15.0,1.0,49.0,69.0,90.0,78.0,62.0,57.0,41.0,31.0,28.0,,,
1343,0.0,-30.0,-50.0,-77.0,-108.0,-127.0,-146.0,-171.0,-199.0,-218.0,-237.0,-267.0,-297.0,-307.0,-318.0,-330.0,-327.0,-329.0,-331.0,-331.0,-339.0,-357.0,-365.0,-373.0,-386.0,-387.0,-377.0,-370.0,-364.0,-368.0,-371.0
1344,0.0,-12.0,-8.0,-16.0,-9.0,2.0,10.0,13.0,23.0,26.0,29.0,27.0,29.0,31.0,37.0,42.0,48.0,56.0,57.0,64.0,57.0,56.0,65.0,69.0,68.0,77.0,73.0,56.0,47.0,30.0,11.0
1345,0.0,-1.0,5.0,2.0,4.0,15.0,27.0,31.0,40.0,52.0,61.0,58.0,66.0,71.0,79.0,84.0,87.0,89.0,89.0,89.0,91.0,98.0,107.0,116.0,123.0,133.0,135.0,,,,
1346,0.0,-2.0,1.0,3.0,3.0,15.0,32.0,45.0,57.0,83.0,102.0,108.0,121.0,128.0,135.0,139.0,140.0,142.0,144.0,148.0,150.0,156.0,163.0,170.0,177.0,188.0,194.0,195.0,204.0,,
1347,0.0,-2.0,0.0,-3.0,-11.0,-15.0,-22.0,-35.0,-36.0,-40.0,-27.0,-13.0,0.0,1.0,7.0,9.0,11.0,6.0,14.0,17.0,5.0,6.0,7.0,5.0,11.0,21.0,17.0,21.0,21.0,30.0,27.0
1349,0.0,-17.0,-14.0,-16.0,-24.0,-30.0,-19.0,-18.0,-16.0,-7.0,6.0,12.0,30.0,40.0,42.0,46.0,43.0,29.0,21.0,25.0,28.0,36.0,44.0,52.0,61.0,82.0,90.0,95.0,104.0,106.0,87.0
1351,0.0,-15.0,1.0,10.0,13.0,12.0,12.0,15.0,9.0,-2.0,7.0,17.0,10.0,15.0,34.0,42.0,54.0,64.0,67.0,58.0,49.0,35.0,36.0,42.0,49.0,65.0,83.0,98.0,109.0,114.0,102.0
1352,0.0,7.0,5.0,-23.0,-31.0,-29.0,-30.0,-20.0,-4.0,0.0,6.0,2.0,-1.0,-3.0,-13.0,-20.0,-21.0,-32.0,-36.0,-22.0,-12.0,-3.0,-8.0,-10.0,-11.0,-14.0,-19.0,-12.0,-12.0,2.0,21.0
1353,0.0,-8.0,13.0,14.0,-4.0,0.0,-4.0,-12.0,-28.0,-21.0,-19.0,-37.0,-45.0,-49.0,-58.0,-68.0,-59.0,-79.0,-87.0,-98.0,-99.0,-110.0,-121.0,-139.0,-156.0,-166.0,-185.0,-190.0,-210.0,-205.0,-210.0
1354,0.0,1.0,-10.0,-40.0,-54.0,-36.0,-42.0,-32.0,-16.0,1.0,18.0,29.0,43.0,55.0,51.0,33.0,24.0,-4.0,-14.0,-10.0,-1.0,10.0,8.0,-4.0,-9.0,-15.0,-27.0,-16.0,-30.0,-32.0,-33.0
1364,0.0,-6.0,-5.0,-12.0,-14.0,-8.0,-1.0,2.0,10.0,22.0,33.0,37.0,48.0,55.0,66.0,70.0,72.0,71.0,72.0,73.0,74.0,78.0,86.0,92.0,97.0,106.0,109.0,108.0,,,
1365,0.0,1.0,6.0,3.0,7.0,11.0,12.0,18.0,21.0,22.0,24.0,23.0,22.0,27.0,31.0,38.0,42.0,47.0,44.0,44.0,42.0,42.0,43.0,47.0,50.0,56.0,61.0,68.0,75.0,80.0,84.0
1370,0.0,-4.0,2.0,17.0,25.0,17.0,-9.0,-5.0,-29.0,-49.0,-42.0,-1.0,-12.0,6.0,35.0,59.0,60.0,69.0,57.0,36.0,11.0,-6.0,26.0,43.0,50.0,67.0,91.0,97.0,103.0,98.0,
1371,0.0,9.0,-9.0,-18.0,-8.0,-2.0,-1.0,-3.0,30.0,44.0,32.0,19.0,42.0,9.0,-17.0,-17.0,-14.0,-25.0,5.0,34.0,41.0,44.0,15.0,-3.0,-2.0,-13.0,-23.0,-7.0,15.0,24.0,
1386,0.0,-7.0,-7.0,-6.0,11.0,14.0,16.0,21.0,23.0,20.0,21.0,21.0,23.0,35.0,45.0,57.0,68.0,74.0,73.0,72.0,66.0,67.0,69.0,68.0,66.0,79.0,81.0,93.0,101.0,107.0,107.0
1387,0.0,-5.0,3.0,1.0,6.0,16.0,27.0,35.0,41.0,43.0,45.0,42.0,43.0,53.0,61.0,67.0,78.0,86.0,90.0,96.0,97.0,97.0,98.0,98.0,96.0,107.0,111.0,123.0,139.0,144.0,140.0
1388,0.0,-2.0,4.0,10.0,14.0,28.0,40.0,44.0,37.0,29.0,17.0,13.0,16.0,13.0,29.0,36.0,52.0,48.0,47.0,52.0,60.0,57.0,64.0,66.0,66.0,65.0,56.0,63.0,59.0,55.0,53.0
1389,0.0,-9.0,0.0,-3.0,4.0,10.0,15.0,21.0,28.0,34.0,37.0,36.0,36.0,42.0,50.0,58.0,70.0,82.0,90.0,96.0,98.0,100.0,101.0,98.0,94.0,104.0,105.0,111.0,123.0,125.0,116.0
1390,0.0,-1.0,9.0,16.0,43.0,56.0,64.0,81.0,89.0,96.0,113.0,120.0,124.0,146.0,154.0,153.0,160.0,177.0,190.0,202.0,207.0,226.0,224.0,220.0,212.0,237.0,243.0,262.0,267.0,283.0,286.0
1391,0.0,1.0,17.0,17.0,30.0,63.0,71.0,67.0,79.0,89.0,81.0,80.0,88.0,97.0,94.0,115.0,130.0,130.0,130.0,129.0,120.0,119.0,124.0,108.0,118.0,116.0,127.0,124.0,118.0,109.0,106.0
1392,0.0,-19.0,-21.0,-46.0,-60.0,-65.0,-54.0,-57.0,-47.0,-30.0,-17.0,-3.0,8.0,7.0,-1.0,-6.0,-18.0,-37.0,-55.0,-55.0,-49.0,-48.0,-48.0,-33.0,-29.0,-23.0,-21.0,2.0,-25.0,,
1393,0.0,11.0,-4.0,-14.0,-21.0,-27.0,-26.0,-19.0,-4.0,10.0,11.0,-3.0,-5.0,-6.0,-16.0,-16.0,-2.0,0.0,1.0,6.0,14.0,20.0,27.0,27.0,23.0,29.0,23.0,29.0,29.0,49.0,59.0
1394,0.0,9.0,2.0,-33.0,-42.0,-44.0,-45.0,-28.0,-8.0,0.0,13.0,12.0,5.0,5.0,-3.0,-12.0,-15.0,-24.0,-29.0,-13.0,-1.0,12.0,3.0,-1.0,-5.0,-10.0,-16.0,-3.0,-1.0,16.0,35.0
1395,0.0,-13.0,-18.0,-19.0,-25.0,-15.0,-6.0,2.0,9.0,26.0,30.0,39.0,46.0,42.0,36.0,35.0,31.0,24.0,30.0,37.0,34.0,40.0,51.0,58.0,58.0,69.0,64.0,31.0,21.0,,
1397,0.0,7.0,1.0,17.0,14.0,9.0,6.0,11.0,16.0,17.0,20.0,26.0,23.0,11.0,29.0,29.0,27.0,35.0,52.0,45.0,42.0,50.0,51.0,44.0,38.0,35.0,31.0,31.0,33.0,45.0,
1420,0.0,-10.0,-25.0,-34.0,-40.0,-37.0,-40.0,-32.0,-47.0,-49.0,-49.0,-37.0,-53.0,-58.0,-58.0,-46.0,-47.0,-33.0,-29.0,-28.0,-36.0,-57.0,-50.0,-32.0,-21.0,-17.0,1.0,15.0,24.0,15.0,4.0
1421,0.0,-4.0,-24.0,-38.0,-53.0,-66.0,-88.0,-15.0,-16.0,-12.0,-18.0,-27.0,-33.0,-47.0,-60.0,-72.0,-81.0,-92.0,-86.0,-83.0,-79.0,-75.0,-76.0,-94.0,-112.0,-130.0,-134.0,-146.0,-156.0,-174.0,-170.0
1423,0.0,-13.0,-15.0,-10.0,1.0,-8.0,-9.0,-1.0,-2.0,-6.0,-8.0,7.0,20.0,31.0,34.0,3.0,-4.0,-42.0,-42.0,-89.0,,,43.0,40.0,37.0,38.0,44.0,43.0,47.0,,
1437,0.0,-4.0,7.0,6.0,10.0,30.0,39.0,38.0,39.0,50.0,48.0,44.0,37.0,38.0,50.0,61.0,81.0,100.0,102.0,116.0,116.0,107.0,111.0,113.0,103.0,112.0,134.0,147.0,158.0,158.0,161.0
1438,0.0,-1.0,12.0,15.0,27.0,54.0,67.0,70.0,75.0,87.0,87.0,87.0,84.0,85.0,102.0,116.0,141.0,163.0,167.0,184.0,184.0,168.0,163.0,152.0,129.0,133.0,150.0,159.0,171.0,172.0,173.0
1440,0.0,-17.0,18.0,-6.0,97.0,134.0,88.0,94.0,146.0,181.0,205.0,284.0,275.0,262.0,225.0,171.0,98.0,163.0,213.0,246.0,279.0,348.0,248.0,152.0,33.0,79.0,97.0,141.0,152.0,226.0,137.0
1441,0.0,-28.0,-20.0,-17.0,-31.0,-36.0,-27.0,-39.0,-63.0,-62.0,-48.0,-48.0,-47.0,-25.0,-22.0,-34.0,-46.0,-56.0,-63.0,-70.0,-71.0,-66.0,-62.0,-71.0,-57.0,-34.0,-36.0,-23.0,8.0,15.0,-3.0
1442,0.0,-1.0,-3.0,-7.0,-14.0,-15.0,-10.0,-1.0,11.0,32.0,81.0,117.0,155.0,187.0,214.0,218.0,221.0,227.0,234.0,244.0,246.0,245.0,240.0,239.0,234.0,238.0,251.0,258.0,274.0,289.0,302.0
1444,0.0,14.0,14.0,8.0,12.0,12.0,44.0,50.0,63.0,47.0,42.0,6.0,1.0,-6.0,1.0,0.0,10.0,8.0,5.0,-10.0,-8.0,-13.0,-9.0,-6.0,9.0,-4.0,2.0,12.0,26.0,39.0,69.0
1445,0.0,2.0,5.0,0.0,5.0,3.0,5.0,8.0,9.0,7.0,2.0,-3.0,-4.0,5.0,12.0,16.0,21.0,14.0,12.0,7.0,14.0,29.0,48.0,52.0,57.0,59.0,52.0,58.0,60.0,78.0,96.0
1446,0.0,3.0,7.0,7.0,15.0,18.0,23.0,28.0,29.0,26.0,22.0,17.0,12.0,20.0,24.0,29.0,34.0,40.0,38.0,38.0,38.0,41.0,42.0,40.0,41.0,43.0,41.0,47.0,50.0,55.0,64.0
1447,0.0,2.0,11.0,-6.0,-17.0,-28.0,-37.0,-32.0,-19.0,-2.0,6.0,12.0,16.0,19.0,10.0,9.0,19.0,15.0,17.0,25.0,37.0,38.0,45.0,42.0,33.0,40.0,41.0,48.0,50.0,69.0,73.0
1448,0.0,-19.0,-12.0,-22.0,4.0,11.0,26.0,41.0,7.0,-36.0,-1.0,-13.0,-12.0,7.0,9.0,-5.0,7.0,12.0,0.0,7.0,10.0,5.0,23.0,33.0,24.0,23.0,33.0,27.0,23.0,18.0,28.0
1449,0.0,-6.0,-10.0,-4.0,15.0,33.0,47.0,54.0,34.0,10.0,-14.0,-31.0,-42.0,-42.0,-25.0,-10.0,-2.0,3.0,9.0,-4.0,-17.0,-24.0,-25.0,-19.0,-6.0,8.0,19.0,35.0,45.0,,
1450,0.0,-2.0,3.0,40.0,47.0,52.0,62.0,59.0,62.0,84.0,90.0,80.0,82.0,68.0,51.0,32.0,37.0,44.0,71.0,87.0,111.0,107.0,102.0,81.0,74.0,69.0,62.0,52.0,72.0,93.0,
1468,0.0,0.0,3.0,-1.0,11.0,24.0,34.0,42.0,57.0,57.0,55.0,57.0,59.0,60.0,44.0,38.0,41.0,44.0,40.0,45.0,46.0,42.0,39.0,51.0,65.0,89.0,98.0,106.0,105.0,109.0,95.0
1469,0.0,3.0,11.0,11.0,11.0,10.0,10.0,4.0,5.0,9.0,11.0,27.0,35.0,40.0,47.0,67.0,49.0,,,61.0,64.0,67.0,53.0,57.0,68.0,86.0,88.0,100.0,105.0,109.0,95.0
1473,0.0,5.0,-16.0,6.0,22.0,20.0,16.0,18.0,13.0,5.0,-2.0,6.0,19.0,1.0,2.0,18.0,23.0,35.0,70.0,81.0,77.0,76.0,83.0,85.0,88.0,90.0,90.0,93.0,115.0,145.0,
1474,0.0,-21.0,-17.0,16.0,2.0,-8.0,0.0,-3.0,-17.0,-20.0,-26.0,-17.0,-38.0,-44.0,-34.0,-9.0,-3.0,29.0,33.0,15.0,-18.0,-32.0,-15.0,22.0,45.0,80.0,73.0,71.0,64.0,57.0,
1475,0.0,-7.0,3.0,12.0,17.0,25.0,24.0,25.0,17.0,17.0,17.0,26.0,31.0,36.0,48.0,57.0,67.0,76.0,87.0,79.0,72.0,66.0,61.0,67.0,82.0,89.0,93.0,103.0,113.0,,
1488,0.0,-10.0,-8.0,-18.0,-21.0,-9.0,-8.0,-18.0,-26.0,-29.0,-45.0,-61.0,-75.0,-72.0,-66.0,-58.0,-44.0,-40.0,-42.0,-34.0,-46.0,-64.0,-63.0,-67.0,-86.0,-82.0,-67.0,-64.0,-62.0,-68.0,-69.0
1489,0.0,1.0,7.0,9.0,14.0,18.0,23.0,26.0,29.0,35.0,39.0,41.0,44.0,38.0,29.0,20.0,16.0,10.0,18.0,20.0,17.0,21.0,20.0,12.0,7.0,13.0,5.0,12.0,16.0,23.0,23.0
1490,0.0,1.0,-1.0,0.0,10.0,5.0,19.0,18.0,-5.0,-31.0,-35.0,-48.0,-55.0,-35.0,2.0,18.0,30.0,42.0,55.0,55.0,36.0,47.0,53.0,39.0,30.0,33.0,28.0,47.0,75.0,86.0,118.0
1495,0.0,-13.0,-21.0,-18.0,-17.0,-15.0,-8.0,11.0,32.0,53.0,75.0,99.0,89.0,76.0,69.0,69.0,69.0,85.0,92.0,81.0,59.0,46.0,39.0,47.0,60.0,83.0,96.0,106.0,111.0,,
1501,0.0,-6.0,-9.0,-6.0,7.0,-1.0,,,,,-46.0,-46.0,-24.0,-42.0,-45.0,-42.0,-38.0,-31.0,-11.0,6.0,21.0,32.0,46.0,66.0,71.0,93.0,83.0,77.0,67.0,80.0,69.0
1505,0.0,0.0,-9.0,-18.0,-8.0,7.0,4.0,20.0,16.0,35.0,29.0,30.0,34.0,49.0,42.0,55.0,76.0,88.0,95.0,100.0,118.0,138.0,162.0,181.0,197.0,209.0,205.0,199.0,198.0,205.0,191.0
1522,0.0,-6.0,-9.0,-6.0,-6.0,-2.0,8.0,15.0,9.0,7.0,4.0,3.0,14.0,30.0,41.0,47.0,56.0,50.0,42.0,45.0,53.0,57.0,55.0,59.0,64.0,60.0,47.0,57.0,46.0,40.0,44.0
1527,0.0,-1.0,7.0,6.0,8.0,12.0,32.0,40.0,32.0,31.0,20.0,-2.0,-14.0,-1.0,9.0,22.0,33.0,42.0,42.0,39.0,31.0,33.0,49.0,56.0,70.0,94.0,110.0,100.0,97.0,99.0,90.0
1544,0.0,0.0,1.0,-3.0,-5.0,-4.0,1.0,4.0,5.0,10.0,19.0,14.0,19.0,22.0,33.0,38.0,47.0,46.0,42.0,37.0,35.0,33.0,37.0,43.0,45.0,49.0,64.0,76.0,92.0,104.0,115.0
1545,0.0,-7.0,-10.0,-12.0,-11.0,3.0,14.0,12.0,6.0,8.0,4.0,-9.0,-16.0,-15.0,-4.0,2.0,16.0,25.0,32.0,37.0,34.0,25.0,27.0,26.0,18.0,26.0,44.0,47.0,55.0,50.0,39.0
1546,0.0,4.0,10.0,13.0,22.0,27.0,33.0,42.0,45.0,45.0,43.0,39.0,39.0,50.0,60.0,76.0,94.0,108.0,118.0,123.0,121.0,119.0,118.0,115.0,118.0,124.0,117.0,115.0,112.0,110.0,118.0
1549,0.0,1.0,11.0,27.0,32.0,27.0,20.0,18.0,-7.0,-27.0,-24.0,2.0,10.0,35.0,71.0,101.0,109.0,116.0,104.0,80.0,54.0,43.0,56.0,61.0,74.0,90.0,92.0,93.0,124.0,120.0,102.0
1567,0.0,6.0,10.0,5.0,28.0,35.0,41.0,52.0,57.0,58.0,74.0,73.0,66.0,77.0,79.0,65.0,53.0,54.0,81.0,99.0,96.0,134.0,126.0,105.0,88.0,110.0,106.0,119.0,111.0,110.0,100.0
1568,0.0,-1.0,0.0,0.0,5.0,6.0,12.0,18.0,16.0,15.0,11.0,5.0,1.0,15.0,23.0,30.0,36.0,44.0,42.0,40.0,31.0,31.0,25.0,16.0,13.0,25.0,24.0,33.0,38.0,47.0,53.0
1585,0.0,-5.0,-2.0,-6.0,-5.0,4.0,12.0,17.0,23.0,27.0,30.0,31.0,34.0,45.0,55.0,61.0,71.0,78.0,81.0,84.0,83.0,85.0,88.0,88.0,88.0,100.0,104.0,115.0,128.0,132.0,129.0
1586,0.0,-3.0,-1.0,-6.0,-12.0,-5.0,-5.0,-1.0,2.0,7.0,3.0,3.0,3.0,14.0,22.0,32.0,43.0,45.0,44.0,43.0,36.0,35.0,37.0,36.0,37.0,48.0,48.0,58.0,67.0,71.0,74.0
1587,0.0,4.0,12.0,6.0,4.0,8.0,9.0,7.0,12.0,17.0,22.0,21.0,26.0,29.0,34.0,34.0,37.0,37.0,37.0,41.0,40.0,38.0,38.0,35.0,29.0,34.0,31.0,26.0,31.0,20.0,2.0
1588,0.0,-3.0,-2.0,-2.0,8.0,6.0,13.0,18.0,17.0,15.0,9.0,1.0,0.0,11.0,14.0,22.0,25.0,28.0,26.0,30.0,32.0,34.0,40.0,29.0,12.0,16.0,21.0,23.0,34.0,57.0,63.0
1589,0.0,-3.0,-8.0,-3.0,-4.0,-3.0,-2.0,0.0,-6.0,-11.0,-3.0,0.0,1.0,7.0,20.0,24.0,30.0,35.0,39.0,32.0,29.0,25.0,27.0,35.0,43.0,56.0,72.0,83.0,91.0,86.0,78.0
1590,0.0,8.0,-4.0,-12.0,3.0,6.0,4.0,14.0,10.0,-15.0,-33.0,-36.0,-43.0,-28.0,-1.0,25.0,32.0,54.0,61.0,54.0,45.0,43.0,40.0,49.0,63.0,70.0,86.0,91.0,95.0,86.0,91.0
1591,0.0,-19.0,-36.0,-31.0,-38.0,-46.0,-51.0,-44.0,-50.0,-61.0,-52.0,-35.0,-50.0,-44.0,-23.0,-7.0,-1.0,13.0,11.0,-1.0,-18.0,-35.0,-30.0,-26.0,-11.0,7.0,19.0,37.0,54.0,45.0,32.0
1592,0.0,-36.0,-57.0,-61.0,-100.0,-101.0,-98.0,-98.0,-100.0,-105.0,-97.0,-94.0,-92.0,-91.0,-79.0,-75.0,-68.0,-63.0,-57.0,-61.0,-70.0,-73.0,-72.0,-67.0,-63.0,-42.0,-27.0,-25.0,-27.0,-18.0,-22.0
1593,0.0,-17.0,-32.0,-29.0,-39.0,-45.0,-53.0,-45.0,-51.0,-62.0,-54.0,-40.0,-58.0,-53.0,-35.0,-29.0,-23.0,-10.0,-11.0,-22.0,-37.0,-51.0,-46.0,-36.0,-27.0,-6.0,10.0,26.0,35.0,36.0,23.0
1594,0.0,-19.0,-35.0,-31.0,-38.0,-48.0,-51.0,-43.0,-49.0,-61.0,-52.0,-39.0,-52.0,-47.0,-26.0,-20.0,-16.0,-6.0,-8.0,-20.0,-28.0,-44.0,-39.0,-28.0,-20.0,-9.0,4.0,22.0,32.0,36.0,28.0
1595,0.0,-8.0,-18.0,-10.0,-11.0,-15.0,-17.0,-8.0,-7.0,-19.0,-12.0,0.0,-18.0,-16.0,5.0,17.0,25.0,42.0,38.0,31.0,21.0,1.0,7.0,19.0,25.0,42.0,61.0,79.0,88.0,91.0,79.0
1597,0.0,-7.0,0.0,7.0,1.0,-5.0,-5.0,-11.0,-19.0,-20.0,4.0,24.0,27.0,31.0,37.0,16.0,0.0,-8.0,-15.0,-15.0,-11.0,-5.0,-2.0,3.0,5.0,17.0,24.0,30.0,32.0,36.0,16.0
1600,0.0,-8.0,-7.0,-3.0,-15.0,-13.0,-6.0,-15.0,-24.0,-22.0,-26.0,-38.0,-40.0,-32.0,-30.0,-42.0,-49.0,-49.0,-57.0,-55.0,-46.0,-33.0,-17.0,-10.0,-4.0,10.0,23.0,20.0,23.0,31.0,
1627,0.0,1.0,12.0,14.0,21.0,31.0,43.0,53.0,61.0,68.0,70.0,70.0,72.0,83.0,86.0,97.0,108.0,115.0,117.0,123.0,119.0,123.0,124.0,125.0,127.0,135.0,125.0,108.0,105.0,105.0,109.0
1628,0.0,12.0,16.0,22.0,37.0,51.0,57.0,63.0,58.0,47.0,33.0,29.0,21.0,18.0,12.0,15.0,10.0,8.0,13.0,,,,23.0,15.0,2.0,10.0,14.0,23.0,26.0,39.0,39.0
1629,0.0,11.0,17.0,38.0,43.0,63.0,78.0,86.0,78.0,81.0,81.0,83.0,87.0,106.0,116.0,126.0,124.0,119.0,106.0,94.0,81.0,82.0,87.0,88.0,100.0,124.0,143.0,157.0,175.0,182.0,170.0
1630,0.0,45.0,56.0,75.0,83.0,110.0,122.0,119.0,112.0,110.0,106.0,97.0,108.0,129.0,141.0,151.0,161.0,161.0,146.0,137.0,131.0,128.0,134.0,139.0,154.0,175.0,184.0,193.0,204.0,206.0,196.0
1631,0.0,36.0,27.0,52.0,72.0,85.0,77.0,78.0,55.0,37.0,41.0,67.0,77.0,100.0,132.0,160.0,167.0,172.0,161.0,135.0,109.0,99.0,113.0,144.0,160.0,182.0,209.0,228.0,236.0,236.0,218.0
1633,0.0,38.0,50.0,43.0,38.0,49.0,46.0,57.0,67.0,73.0,80.0,76.0,78.0,88.0,91.0,80.0,76.0,58.0,51.0,54.0,64.0,77.0,73.0,58.0,49.0,51.0,44.0,58.0,55.0,69.0,71.0
1634,0.0,43.0,67.0,80.0,61.0,61.0,55.0,46.0,34.0,46.0,65.0,54.0,60.0,69.0,64.0,56.0,73.0,68.0,73.0,90.0,95.0,94.0,90.0,77.0,67.0,74.0,69.0,73.0,66.0,85.0,95.0
1635,0.0,-3.0,8.0,-5.0,-7.0,-14.0,-8.0,-6.0,15.0,21.0,34.0,46.0,56.0,71.0,85.0,90.0,84.0,72.0,63.0,65.0,83.0,94.0,101.0,102.0,115.0,119.0,127.0,146.0,155.0,158.0,151.0
1636,0.0,18.0,35.0,19.0,15.0,12.0,19.0,17.0,36.0,38.0,47.0,49.0,57.0,69.0,85.0,86.0,85.0,78.0,70.0,70.0,90.0,96.0,98.0,98.0,114.0,120.0,126.0,142.0,149.0,147.0,137.0
1637,0.0,7.0,16.0,8.0,3.0,0.0,-4.0,-17.0,-16.0,-19.0,28.0,67.0,71.0,83.0,83.0,88.0,77.0,66.0,55.0,54.0,69.0,83.0,95.0,101.0,120.0,127.0,139.0,152.0,157.0,149.0,130.0
1638,0.0,0.0,-6.0,-15.0,-16.0,-16.0,-19.0,-20.0,-8.0,4.0,,-16.0,-5.0,5.0,17.0,15.0,17.0,21.0,25.0,22.0,32.0,38.0,39.0,39.0,46.0,49.0,55.0,73.0,83.0,91.0,109.0
1639,0.0,35.0,45.0,36.0,33.0,40.0,35.0,50.0,76.0,89.0,108.0,120.0,123.0,128.0,123.0,117.0,114.0,105.0,102.0,119.0,131.0,145.0,140.0,132.0,131.0,136.0,133.0,150.0,153.0,174.0,189.0
1640,0.0,36.0,43.0,31.0,25.0,26.0,21.0,36.0,58.0,72.0,96.0,101.0,101.0,104.0,117.0,114.0,130.0,108.0,93.0,70.0,73.0,79.0,77.0,65.0,61.0,63.0,48.0,53.0,50.0,65.0,72.0
1641,0.0,2.0,-6.0,-15.0,-21.0,-20.0,-17.0,-10.0,-5.0,7.0,9.0,0.0,1.0,5.0,7.0,4.0,3.0,1.0,12.0,9.0,19.0,23.0,24.0,19.0,32.0,31.0,36.0,48.0,60.0,61.0,71.0
1643,0.0,51.0,59.0,59.0,59.0,89.0,77.0,,,,,112.0,110.0,125.0,136.0,151.0,168.0,184.0,190.0,194.0,188.0,188.0,183.0,186.0,189.0,189.0,191.0,197.0,202.0,206.0,217.0
1644,0.0,76.0,81.0,115.0,140.0,168.0,161.0,163.0,134.0,99.0,92.0,98.0,99.0,103.0,103.0,92.0,99.0,95.0,85.0,97.0,78.0,57.0,64.0,72.0,76.0,110.0,113.0,124.0,139.0,141.0,140.0
1645,0.0,27.0,59.0,39.0,33.0,43.0,56.0,58.0,88.0,101.0,102.0,88.0,112.0,112.0,101.0,99.0,99.0,61.0,44.0,62.0,70.0,83.0,84.0,83.0,83.0,79.0,72.0,77.0,75.0,88.0,
1801,0.0,-2.0,1.0,8.0,9.0,4.0,-5.0,-3.0,-19.0,-13.0,-4.0,23.0,20.0,36.0,56.0,70.0,74.0,70.0,74.0,70.0,54.0,42.0,31.0,21.0,28.0,47.0,49.0,55.0,70.0,85.0,86.0
2021,0.0,3.0,-2.0,-11.0,-12.0,-10.0,-9.0,-1.0,-1.0,8.0,8.0,-3.0,-8.0,-7.0,-23.0,-42.0,,,,,,35.0,36.0,35.0,34.0,35.0,38.0,52.0,64.0,73.0,85.0
2101,0.0,-17.0,-48.0,-73.0,-39.0,-11.0,-17.0,3.0,-12.0,-51.0,-69.0,-115.0,-139.0,-137.0,-141.0,-141.0,-111.0,-121.0,-145.0,-143.0,-151.0,-152.0,-120.0,-105.0,-132.0,-175.0,-165.0,-187.0,-216.0,-225.0,-178.0
2103,0.0,-20.0,-33.0,-54.0,-29.0,-2.0,-11.0,1.0,-18.0,-52.0,-76.0,-111.0,-133.0,-121.0,-119.0,-122.0,-93.0,-93.0,-114.0,-113.0,-122.0,-129.0,-105.0,-89.0,-110.0,-132.0,-124.0,-141.0,-172.0,-185.0,-158.0
2104,0.0,-19.0,-27.0,-38.0,-14.0,13.0,9.0,23.0,6.0,-16.0,-33.0,-61.0,-74.0,-65.0,-67.0,-73.0,-48.0,-53.0,-71.0,-67.0,-73.0,-78.0,-52.0,-33.0,-51.0,-66.0,-59.0,-73.0,-99.0,-106.0,-79.0
2105,0.0,-15.0,-21.0,-38.0,-7.0,18.0,15.0,27.0,11.0,-16.0,-30.0,-57.0,-67.0,-54.0,-52.0,-57.0,-28.0,-30.0,-42.0,-39.0,-43.0,-48.0,-24.0,-11.0,-26.0,-43.0,-37.0,-48.0,-67.0,-73.0,-43.0
2106,0.0,-16.0,-18.0,-32.0,-5.0,19.0,14.0,23.0,9.0,-16.0,-32.0,-58.0,-68.0,-55.0,-55.0,-63.0,-35.0,-31.0,-43.0,-33.0,-31.0,-35.0,-10.0,8.0,-6.0,-15.0,-6.0,-19.0,-41.0,-51.0,-29.0
2107,0.0,1.0,8.0,5.0,31.0,51.0,45.0,50.0,35.0,14.0,7.0,-8.0,-12.0,2.0,4.0,0.0,24.0,28.0,17.0,25.0,24.0,19.0,41.0,56.0,46.0,44.0,50.0,40.0,25.0,19.0,29.0
2110,0.0,-13.0,-18.0,-25.0,2.0,21.0,21.0,30.0,21.0,-2.0,-14.0,-30.0,-33.0,-22.0,-13.0,-14.0,8.0,10.0,4.0,9.0,9.0,8.0,25.0,35.0,25.0,18.0,28.0,18.0,6.0,2.0,16.0
2111,0.0,-10.0,-23.0,-30.0,-7.0,15.0,14.0,22.0,10.0,-2.0,-17.0,-35.0,-39.0,-31.0,-31.0,-31.0,-13.0,-14.0,-22.0,-22.0,-25.0,-24.0,-8.0,5.0,-3.0,-15.0,-6.0,-16.0,-33.0,-35.0,-15.0
2112,0.0,-8.0,-23.0,-31.0,-10.0,10.0,3.0,5.0,-19.0,-38.0,-55.0,-74.0,-79.0,-60.0,-52.0,-46.0,-25.0,-23.0,-30.0,-39.0,-51.0,-52.0,-43.0,-37.0,-44.0,-59.0,-49.0,-57.0,-72.0,-70.0,-44.0
2113,0.0,-8.0,-25.0,-34.0,-13.0,5.0,-1.0,3.0,-14.0,-36.0,-57.0,-78.0,-85.0,-76.0,-70.0,-61.0,-41.0,-39.0,-45.0,-47.0,-53.0,-50.0,-39.0,-29.0,-37.0,-57.0,-49.0,-60.0,-78.0,-80.0,-56.0
2127,0.0,-1.0,-9.0,-41.0,-53.0,-42.0,-47.0,-38.0,-22.0,-11.0,-3.0,4.0,10.0,15.0,13.0,0.0,-10.0,-34.0,-43.0,-45.0,-36.0,-22.0,-22.0,-33.0,-38.0,-27.0,-34.0,-20.0,-26.0,-11.0,-13.0
2261,0.0,-3.0,5.0,3.0,8.0,24.0,39.0,42.0,59.0,52.0,51.0,44.0,65.0,42.0,45.0,29.0,28.0,2.0,13.0,14.0,10.0,1.0,-7.0,-4.0,-3.0,0.0,14.0,21.0,6.0,0.0,16.0
2262,0.0,-20.0,-20.0,-55.0,-57.0,-67.0,-65.0,-70.0,-46.0,-33.0,-32.0,-55.0,-38.0,-53.0,-78.0,-80.0,-53.0,-61.0,-63.0,-66.0,-62.0,-108.0,-141.0,-127.0,-116.0,-141.0,-115.0,-100.0,-113.0,-112.0,-88.0
2295,0.0,16.0,25.0,12.0,4.0,-1.0,1.0,9.0,23.0,29.0,41.0,39.0,41.0,45.0,58.0,57.0,56.0,51.0,45.0,33.0,42.0,48.0,51.0,54.0,69.0,67.0,73.0,86.0,94.0,105.0,114.0
2316,0.0,-4.0,-5.0,-3.0,3.0,9.0,11.0,13.0,-1.0,-16.0,-31.0,-33.0,-44.0,-16.0,0.0,17.0,36.0,51.0,40.0,34.0,29.0,15.0,15.0,19.0,26.0,29.0,43.0,51.0,68.0,67.0,
2324,0.0,11.0,20.0,2.0,-8.0,-10.0,-3.0,1.0,22.0,23.0,30.0,42.0,54.0,69.0,89.0,97.0,92.0,81.0,73.0,74.0,95.0,107.0,116.0,118.0,131.0,135.0,148.0,166.0,173.0,174.0,165.0
2330,0.0,15.0,-7.0,-68.0,-84.0,-85.0,-103.0,-94.0,-69.0,-65.0,-35.0,-22.0,-13.0,1.0,1.0,-19.0,-29.0,-45.0,-66.0,-50.0,-35.0,-6.0,-10.0,-12.0,-18.0,-23.0,-34.0,-23.0,-25.0,-17.0,-6.0
